course_code,course_title,department,outline_status,preferred_source_kind,preferred_source_name,preferred_academic_year,preferred_term,preferred_professors,preferred_document_urls,preferred_source_page_url,needs_review
AUTOTECH 2AE3,Design of Machine Elements,AUTOTECH,found,official_department,engineering_technology,,,,https://www.eng.mcmaster.ca//app/uploads/2024/01/AUTOTECH-2AE3-Fall-2023.pdf,https://www.eng.mcmaster.ca/sept/courses/,True
AUTOTECH 2CD3,Computer Aided Design,AUTOTECH,found,official_department,engineering_technology,,,"Lucian Balan, LEL.",https://www.eng.mcmaster.ca//app/uploads/2024/01/autotech_2cd3_fall_2021.pdf,https://www.eng.mcmaster.ca/sept/courses/,True
AUTOTECH 2MT3,Structure and Properties of Materials,AUTOTECH,found,official_department,engineering_technology,,,,https://www.eng.mcmaster.ca//app/uploads/2024/01/autotech_2mt3_fall_2021.pdf,https://www.eng.mcmaster.ca/sept/courses/,True
AUTOTECH 3AE3,Automotive Systems and Integrations,AUTOTECH,found,official_department,engineering_technology,,,,https://www.eng.mcmaster.ca//app/uploads/2024/01/autotech_3ae3_outline_draft.pdf,https://www.eng.mcmaster.ca/sept/courses/,True
AUTOTECH 3AV3,Electric and Hybrid Vehicles,AUTOTECH,missing,,,,,,,,False
AUTOTECH 3CT3,Control Theory,AUTOTECH,found,official_department,engineering_technology,,,"Timber Yuen, P.Eng.",https://www.eng.mcmaster.ca//app/uploads/2024/01/autotech_3ct3_outline_fall_2021_mcmaster.pdf,https://www.eng.mcmaster.ca/sept/courses/,True
AUTOTECH 3MP3,Manufacturing Processes and Systems,AUTOTECH,found,official_department,engineering_technology,,,,https://www.eng.mcmaster.ca//app/uploads/2024/01/autotech_3mp3_course_outline_fall_2021_yakout_0.pdf,https://www.eng.mcmaster.ca/sept/courses/,True
AUTOTECH 3MV3,Mechatronics,AUTOTECH,found,official_department,engineering_technology,,,,https://www.eng.mcmaster.ca//app/uploads/2024/01/autotech_3mv3.pdf,https://www.eng.mcmaster.ca/sept/courses/,True
AUTOTECH 3TS3,Fluid Mechanics,AUTOTECH,found,simple_syllabus,McMaster Simple Syllabus,2026,fall,Moein Mehrtash,https://mcmaster.simplesyllabusca.com/doc/jlm3525xv/Fall-2026-AUTOTECH-3TS3-C01-MEHRTAM-Fluid-Mechanics?mode=view,https://mcmaster.simplesyllabusca.com/api2/doc-library-search,False
AUTOTECH 3VD3,Mechanical Vibrations,AUTOTECH,found,official_department,engineering_technology,,,"Timber Yuen, P.Eng.",https://www.eng.mcmaster.ca//app/uploads/2024/01/autotech_3vd3_outline_fall_2021_mcmaster.pdf,https://www.eng.mcmaster.ca/sept/courses/,True
AUTOTECH 4AT3,Conceptual Design of Electric and Hybrid Vehicles,AUTOTECH,found,official_department,engineering_technology,,,"Dan Centea, LEL.",https://www.eng.mcmaster.ca//app/uploads/2024/01/autotech_4at3_outline_21c.pdf,https://www.eng.mcmaster.ca/sept/courses/,True
AUTOTECH 4CI3,Robotics and Computer Integrated Manufacturing,AUTOTECH,found,official_department,engineering_technology,,,"Timber Yuen, P.Eng.",https://www.eng.mcmaster.ca//app/uploads/2024/01/autotech_4ci3_outline_fall_2021_mcmaster.pdf,https://www.eng.mcmaster.ca/sept/courses/,True
AUTOTECH 4DV3,Vehicle Dynamics,AUTOTECH,found,official_department,engineering_technology,,,"Moein Mehrtash, LEL.",https://www.eng.mcmaster.ca//app/uploads/2024/01/autotech_4dv3_0.pdf,https://www.eng.mcmaster.ca/sept/courses/,True
AUTOTECH 4TR3,Capstone Design II,AUTOTECH,missing,,,,,,,,False
BIOLOGY 1A03,Cellular and Molecular Biology,BIOLOGY,found,simple_syllabus,McMaster Simple Syllabus,2026,fall,Rosa Da Silva,https://mcmaster.simplesyllabusca.com/doc/2fvkeovye/Fall-2026-BIOLOGY-1A03-C01-KAJIURA-Cellular-and-Molecular-Biology?mode=view,https://mcmaster.simplesyllabusca.com/api2/doc-library-search,False
BIOLOGY 1M03,"Biodiversity, Evolution and Humanity",BIOLOGY,found,simple_syllabus,McMaster Simple Syllabus,2026,fall,Dr. Cristina Abbatangelo,https://mcmaster.simplesyllabusca.com/doc/k16eu3j9v/Fall-2026-BIOLOGY-1M03-C02-ABBATACL-Biodiversity-Evolution-and-Humanity?mode=view,https://mcmaster.simplesyllabusca.com/api2/doc-library-search,False
BIOLOGY 1P03,Introductory Biology,BIOLOGY,found,simple_syllabus,McMaster Simple Syllabus,2026,fall,Dr. Herb Schellhorn,https://mcmaster.simplesyllabusca.com/doc/ib8l3jgmn/Fall-2026-BIOLOGY-1P03-C01-SCHELL-Introductory-Biology?mode=view,https://mcmaster.simplesyllabusca.com/api2/doc-library-search,False
BIOLOGY 2B03,Cell Biology,BIOLOGY,found,simple_syllabus,McMaster Simple Syllabus,2026,fall,Dr. Krupa Patel,https://mcmaster.simplesyllabusca.com/doc/ix4iul1dq/Fall-2026-BIOLOGY-2B03-C01-PATEK229-Cell-Biology?mode=view,https://mcmaster.simplesyllabusca.com/api2/doc-library-search,False
BIOLOGY 2C03,Genetics,BIOLOGY,found,simple_syllabus,McMaster Simple Syllabus,2026,fall,Cristina Abbatangelo,https://mcmaster.simplesyllabusca.com/doc/lvl8i1k58/Fall-2026-BIOLOGY-2C03-C01-ABBATACL-Genetics?mode=view,https://mcmaster.simplesyllabusca.com/api2/doc-library-search,False
BIOLOGY 2D03,Plant Biodiversity and Biotechnology,BIOLOGY,found,simple_syllabus,McMaster Simple Syllabus,2026,fall,Robin Cameron,https://mcmaster.simplesyllabusca.com/doc/47i2vdxbc/Fall-2026-BIOLOGY-2D03-C01-RCAMERO-Plant-Biodiversity-and-Biotechnology?mode=view,https://mcmaster.simplesyllabusca.com/api2/doc-library-search,False
BIOLOGY 2F03,Fundamental and Applied Ecology,BIOLOGY,found,simple_syllabus,McMaster Simple Syllabus,2026,fall,Dr. Emily Choy,https://mcmaster.simplesyllabusca.com/doc/2dq0j2s9m/Fall-2026-BIOLOGY-2F03-C01-CHOYE1-Fundamental-and-Applied-Ecology?mode=view,https://mcmaster.simplesyllabusca.com/api2/doc-library-search,False
BIOLOGY 2L03,The Scientific Method in Biology,BIOLOGY,found,simple_syllabus,McMaster Simple Syllabus,2026,fall,Doc Roc (aka Jon Stone),https://mcmaster.simplesyllabusca.com/doc/s4g48bghv/Fall-2026-BIOLOGY-2L03-C01-STONEJ-The-Scientific-Method-in-Biology?mode=view,https://mcmaster.simplesyllabusca.com/api2/doc-library-search,False
BIOLOGY 3AA3,Fundamental Concepts of Pharmacology,BIOLOGY,found,simple_syllabus,McMaster Simple Syllabus,2026,fall,Dr. Joanna Wilson,https://mcmaster.simplesyllabusca.com/doc/mj7qf2no0/Fall-2026-BIOLOGY-3AA3-C01-WILSOJO-Fundamental-Concepts-of-Pharmacology?mode=view,https://mcmaster.simplesyllabusca.com/api2/doc-library-search,False
BIOLOGY 3DD3,Communities and Ecosystems,BIOLOGY,found,simple_syllabus,McMaster Simple Syllabus,2026,fall,Dr. Jurek Kolasa,https://mcmaster.simplesyllabusca.com/doc/pq0qs1039/Fall-2026-BIOLOGY-3DD3-C01-KOLASA-Communities-and-Ecosystems?mode=view,https://mcmaster.simplesyllabusca.com/api2/doc-library-search,False
BIOLOGY 3EP3A,Applied Biology Placement,BIOLOGY,missing,,,,,,,,False
BIOLOGY 3EP3S,Applied Biology Placement,BIOLOGY,missing,,,,,,,,False
BIOLOGY 3FF3,Evolution,BIOLOGY,found,simple_syllabus,McMaster Simple Syllabus,2026,fall,Doc Roc (aka Jon Stone),https://mcmaster.simplesyllabusca.com/doc/etfnkro56/Fall-2026-BIOLOGY-3FF3-C01-STONEJ-Evolution?mode=view,https://mcmaster.simplesyllabusca.com/api2/doc-library-search,False
BIOLOGY 3HD3,Human Disasters,BIOLOGY,found,simple_syllabus,McMaster Simple Syllabus,2026,fall,Dr. Krupa Patel,https://mcmaster.simplesyllabusca.com/doc/in7s8n8ec/Fall-2026-BIOLOGY-3HD3-C01-PATEK229-Human-Disasters?mode=view,https://mcmaster.simplesyllabusca.com/api2/doc-library-search,False
BIOLOGY 3IR3A,Independent Research Project,BIOLOGY,missing,,,,,,,,False
BIOLOGY 3IR3S,Independent Research Project,BIOLOGY,missing,,,,,,,,False
BIOLOGY 3JJ3,Field Methods In Ecology,BIOLOGY,found,simple_syllabus,McMaster Simple Syllabus,2026,fall,Susan Dudley,https://mcmaster.simplesyllabusca.com/doc/t6v8j7sn6/Fall-2026-BIOLOGY-3JJ3-C01-SDUDLEY-Field-Methods-In-Ecology?mode=view,https://mcmaster.simplesyllabusca.com/api2/doc-library-search,False
BIOLOGY 3P03,Cell Physiology,BIOLOGY,found,simple_syllabus,McMaster Simple Syllabus,2026,fall,Dr. Alex Little,https://mcmaster.simplesyllabusca.com/doc/golljplvy/Fall-2026-BIOLOGY-3P03-C01-LITTLA6-Cell-Physiology?mode=view,https://mcmaster.simplesyllabusca.com/api2/doc-library-search,False
BIOLOGY 3R03,Field Biology I,BIOLOGY,missing,,,,,,,,False
BIOLOGY 3RF0,Field Work I,BIOLOGY,missing,,,,,,,,False
BIOLOGY 3S03,An Introduction to Bioinformatics,BIOLOGY,found,simple_syllabus,McMaster Simple Syllabus,2026,fall,Brian Golding,https://mcmaster.simplesyllabusca.com/doc/x0thd8qbs/Fall-2026-BIOLOGY-3S03-C01-GOLDING-An-Introduction-to-Bioinformatics?mode=view,https://mcmaster.simplesyllabusca.com/api2/doc-library-search,False
BIOLOGY 3SA3,Applied Statistics for Biology,BIOLOGY,found,simple_syllabus,McMaster Simple Syllabus,2026,fall,Jonathan Dushoff,https://mcmaster.simplesyllabusca.com/doc/sb20r6605/Fall-2026-BIOLOGY-3SA3-C01-DUSHOFF-Applied-Statistics-for-Biology?mode=view,https://mcmaster.simplesyllabusca.com/api2/doc-library-search,False
BIOLOGY 3U03,Animal Physiology - Homeostasis,BIOLOGY,found,simple_syllabus,McMaster Simple Syllabus,2026,fall,Alex Proulx,https://mcmaster.simplesyllabusca.com/doc/w0dzysskx/Fall-2026-BIOLOGY-3U03-C01-KUGANAAS-Animal-Physiology-Homeostasis?mode=view,https://mcmaster.simplesyllabusca.com/api2/doc-library-search,False
BIOLOGY 3ZZ3,Topics in Physiology,BIOLOGY,missing,,,,,,,,False
BIOLOGY 4A03,Advanced Topics in Ecology,BIOLOGY,found,simple_syllabus,McMaster Simple Syllabus,2026,fall,Dr. Lovaye Kajiura,https://mcmaster.simplesyllabusca.com/doc/2x7go77y5/Fall-2026-BIOLOGY-4A03-C01-KAJIURA-Advanced-Topics-in-Ecology?mode=view,https://mcmaster.simplesyllabusca.com/api2/doc-library-search,False
BIOLOGY 4C12A,Senior Thesis,BIOLOGY,missing,,,,,,,,False
BIOLOGY 4F06A,Senior Project,BIOLOGY,missing,,,,,,,,False
BIOLOGY 4F06S,Senior Project,BIOLOGY,missing,,,,,,,,False
BIOLOGY 4IR3,Advanced Independent Research Project,BIOLOGY,missing,,,,,,,,False
BIOLOGY 4J03,Field Biology II,BIOLOGY,missing,,,,,,,,False
BIOLOGY 4JF0,Field Work II,BIOLOGY,missing,,,,,,,,False
BIOLOGY 4MH3,Microbiome-Host Interactions,BIOLOGY,missing,,,,,,,,False
BIOLOGY 4PP3,Environmental Microbiology and Biotechnology,BIOLOGY,found,simple_syllabus,McMaster Simple Syllabus,2026,fall,Dr. Jianping (JP) Xu,https://mcmaster.simplesyllabusca.com/doc/6ns6vjvbx/Fall-2026-BIOLOGY-4PP3-C01-JPXU-Environmental-Microbiology-and-Biotechnology?mode=view,https://mcmaster.simplesyllabusca.com/api2/doc-library-search,False
BIOLOGY 4X03,Environmental Physiology,BIOLOGY,missing,,,,,,,,False
BIOMEDDC 2C03,Exploring Careers in Biomedical Sciences,BIOMEDDC,missing,,,,,,,,False
BIOMEDDC 3B06A,Drug Discovery and Development,BIOMEDDC,missing,,,,,,,,False
BIOMEDDC 3C06,Research Skills Laboratory and Inquiry,BIOMEDDC,missing,,,,,,,,False
BIOMEDDC 4A15A,Senior Research Thesis,BIOMEDDC,missing,,,,,,,,False
BIOMEDDC 4B03,Road to Biomedical Commercialization,BIOMEDDC,missing,,,,,,,,False
BIOTECH 2CB3,Cell Biology,BIOTECH,found,official_department,engineering_technology,,,,https://www.eng.mcmaster.ca//app/uploads/2024/01/BIOTECH-2CB3-Fall-2023.pdf,https://www.eng.mcmaster.ca/sept/courses/,True
BIOTECH 2EC3,Chemical Engineering Concepts,BIOTECH,found,simple_syllabus,McMaster Simple Syllabus,2026,fall,Amin Reza Rajabzadeh,https://mcmaster.simplesyllabusca.com/doc/hiw2142bp/Fall-2026-BIOTECH-2EC3-C01-RAJABA-Chemical-Engineering-Concepts?mode=view,https://mcmaster.simplesyllabusca.com/api2/doc-library-search,False
BIOTECH 2M03,Molecular Biology,BIOTECH,found,official_department,engineering_technology,,,,https://www.eng.mcmaster.ca//app/uploads/2024/01/BIOTECH-2M03-Fall-2023.pdf,https://www.eng.mcmaster.ca/sept/courses/,True
BIOTECH 2OC3,Organic Chemistry,BIOTECH,found,official_department,engineering_technology,,,,https://www.eng.mcmaster.ca//app/uploads/2024/01/BIOTECH-2OC3-Fall-2023.pdf,https://www.eng.mcmaster.ca/sept/courses/,True
BIOTECH 3B03,Industrial Biotechnology,BIOTECH,found,official_department,engineering_technology,,,Faiez Alani,https://www.eng.mcmaster.ca//app/uploads/2024/01/BIOTECH-3B03-Fall-2023.pdf,https://www.eng.mcmaster.ca/sept/courses/,True
BIOTECH 3BC3,Bioprocess Control and Dynamics,BIOTECH,found,official_department,engineering_technology,,,,https://www.eng.mcmaster.ca//app/uploads/2024/01/BIOTECH-3BC3-Fall-2023.pdf,https://www.eng.mcmaster.ca/sept/courses/,True
BIOTECH 3BP3,Bioreactor Processes and Design,BIOTECH,found,simple_syllabus,McMaster Simple Syllabus,2026,fall,Amin Reza Rajabzadeh,https://mcmaster.simplesyllabusca.com/doc/fu0iizebx/Fall-2026-BIOTECH-3BP3-C01-RAJABA-Bioreactor-Processes-and-Design?mode=view,https://mcmaster.simplesyllabusca.com/api2/doc-library-search,False
BIOTECH 3CM3,Computational Modeling of Biological Systems,BIOTECH,found,official_department,engineering_technology,,,,https://www.eng.mcmaster.ca//app/uploads/2024/01/BIOTECH-3CM3-Fall-2023.pdf,https://www.eng.mcmaster.ca/sept/courses/,True
BIOTECH 3FM3,Food Microbiology,BIOTECH,found,official_department,engineering_technology,,,,https://www.eng.mcmaster.ca//app/uploads/2024/01/BIOTECH-3FM3-Fall-2023.pdf,https://www.eng.mcmaster.ca/sept/courses/,True
BIOTECH 3IV3,Immunology and Virology,BIOTECH,found,official_department,engineering_technology,,,"Fei Geng, LEL.",https://www.eng.mcmaster.ca//app/uploads/2024/01/BIOTECH-3IV3-Fall-2023.pdf,https://www.eng.mcmaster.ca/sept/courses/,True
BIOTECH 3PM3,Pharmacology,BIOTECH,found,official_department,engineering_technology,,,Rashid Abu-Ghazalah,https://www.eng.mcmaster.ca//app/uploads/2024/01/BIOTECH-3PM3-Fall-2023.pdf,https://www.eng.mcmaster.ca/sept/courses/,True
BIOTECH 4BI3,Bioinformatics,BIOTECH,found,official_department,engineering_technology,,,,https://www.eng.mcmaster.ca//app/uploads/2024/01/biotech_4bi3_-_bioinformatics_course_outline_0.pdf,https://www.eng.mcmaster.ca/sept/courses/,True
BIOTECH 4BS3,Ethics and Biotechnology Regulations,BIOTECH,found,official_department,engineering_technology,,,Rashid Abu-Ghazalah,https://www.eng.mcmaster.ca//app/uploads/2024/01/biotech_4bs3_2021_course_outline.pdf,https://www.eng.mcmaster.ca/sept/courses/,True
BIOTECH 4TB3,Advanced Biotechnology,BIOTECH,missing,,,,,,,,False
BIOTECH 4TR3,Capstone Project II,BIOTECH,found,simple_syllabus,McMaster Simple Syllabus,2026,fall,Amin Reza Rajabzadeh,https://mcmaster.simplesyllabusca.com/doc/x6lypvxnd/Fall-2026-BIOTECH-4TR3-C01-RAJABA-Capstone-Project-II?mode=view,https://mcmaster.simplesyllabusca.com/api2/doc-library-search,False
CHALLENG 2CC3,Critical Challenges for Humanity,CHALLENG,found,official_department,engineering_engineering_physics,,,Harold Haugen,https://www.eng.mcmaster.ca//app/uploads/2024/05/CHALLENG-2CC3-Course-Outline-Fall-2026-August-16-2026.pdf,https://www.eng.mcmaster.ca/engphys/courses/,True
CHEM 1A03,Introductory Chemistry I,CHEM,found,simple_syllabus,McMaster Simple Syllabus,2026,fall,Dr. Lydia Chen,https://mcmaster.simplesyllabusca.com/doc/l0regi2tc/Fall-2026-CHEM-1A03-C04-DAVISLJ-Introductory-Chemistry-I?mode=view,https://mcmaster.simplesyllabusca.com/api2/doc-library-search,False
CHEM 2A03,Quantitative Chemical Analysis,CHEM,found,simple_syllabus,McMaster Simple Syllabus,2026,fall,Lydia Chen,https://mcmaster.simplesyllabusca.com/doc/bbb5xf9qe/Fall-2026-CHEM-2A03-C01-CHENL109-Quantitative-Chemical-Analysis?mode=view,https://mcmaster.simplesyllabusca.com/api2/doc-library-search,False
CHEM 2BC3,Making Chemistry More Sustainable,CHEM,missing,,,,,,,,False
CHEM 2E03,Introductory Organic Chemistry,CHEM,found,simple_syllabus,McMaster Simple Syllabus,2026,fall,Dr. Jim Ghoshdastidar (he/him),https://mcmaster.simplesyllabusca.com/doc/5zcqgdxsr/Fall-2026-CHEM-2E03-C01-GHOSHDA-Introductory-Organic-Chemistry?mode=view,https://mcmaster.simplesyllabusca.com/api2/doc-library-search,False
CHEM 2OA3,Organic Chemistry I,CHEM,found,simple_syllabus,McMaster Simple Syllabus,2026,fall,Anthony Chibba,https://mcmaster.simplesyllabusca.com/doc/ranzsonyx/Fall-2026-CHEM-2OA3-C01-CHIBBAA-Organic-Chemistry-I?mode=view | https://mcmaster.simplesyllabusca.com/doc/tr6u0tc57/Fall-2026-CHEM-2OA3-C02-CHIBBAA-Organic-Chemistry-I?mode=view,https://mcmaster.simplesyllabusca.com/api2/doc-library-search,False
CHEM 2OG3,Structure and Reactivity of Organic Molecules,CHEM,found,simple_syllabus,McMaster Simple Syllabus,2026,fall,Alex Adronov,https://mcmaster.simplesyllabusca.com/doc/b0wpt4hht/Fall-2026-CHEM-2OG3-C01-ADRONOV-Structure-and-Reactivity-of-Organic-Molecules?mode=view,https://mcmaster.simplesyllabusca.com/api2/doc-library-search,False
CHEM 2Q03,Inquiry for Chemistry,CHEM,found,simple_syllabus,McMaster Simple Syllabus,2026,fall,Anthony Chibba,https://mcmaster.simplesyllabusca.com/doc/3g1wc4rb3/Fall-2026-CHEM-2Q03-C01-GREENBSH-Inquiry-for-Chemistry?mode=view,https://mcmaster.simplesyllabusca.com/api2/doc-library-search,False
CHEM 2SC3,Sustainable Chemistry - Green Chemistry,CHEM,missing,,,,,,,,False
CHEM 3EP3A,Advanced Chemistry Placement,CHEM,found,simple_syllabus,McMaster Simple Syllabus,2026,fall,Dr. Yurij Mozharivskyj,https://mcmaster.simplesyllabusca.com/doc/i6dbwlw4o/Fall-2026-CHEM-3EP3A-C01-TBD-Advanced-Chemistry-Placement?mode=view,https://mcmaster.simplesyllabusca.com/api2/doc-library-search,False
CHEM 3EP3S,Advanced Chemistry Placement,CHEM,found,simple_syllabus,McMaster Simple Syllabus,2026,fall,Dr. Yurij Mozharivskyj,https://mcmaster.simplesyllabusca.com/doc/pycc6rq7b/Fall-2026-CHEM-3EP3S-C01-TBD-Advanced-Chemistry-Placement?mode=view,https://mcmaster.simplesyllabusca.com/api2/doc-library-search,False
CHEM 3II3,Introduction to Transition Metal Chemistry,CHEM,found,simple_syllabus,McMaster Simple Syllabus,2026,fall,Terry Chu,https://mcmaster.simplesyllabusca.com/doc/6a43uxa2g/Fall-2026-CHEM-3II3-C01-CHUT-Introduction-to-Transition-Metal-Chemistry?mode=view,https://mcmaster.simplesyllabusca.com/api2/doc-library-search,False
CHEM 3LA3,Strategies for Chemical Discovery,CHEM,found,simple_syllabus,McMaster Simple Syllabus,2026,fall,Linda Davis,https://mcmaster.simplesyllabusca.com/doc/5s63k4o7x/Fall-2026-CHEM-3LA3-C01-PRACKE-Strategies-for-Chemical-Discovery?mode=view,https://mcmaster.simplesyllabusca.com/api2/doc-library-search,False
CHEM 3OA3,Organic Synthesis,CHEM,found,simple_syllabus,McMaster Simple Syllabus,2026,fall,Alfredo Capretta,https://mcmaster.simplesyllabusca.com/doc/sjh7wr9pk/Fall-2026-CHEM-3OA3-C01-CAPRETF-Organic-Synthesis?mode=view,https://mcmaster.simplesyllabusca.com/api2/doc-library-search,False
CHEM 3PC3,Mathematical Tools for Chemical Problems,CHEM,found,simple_syllabus,McMaster Simple Syllabus,2026,fall,Rodrigo Alejandro Vargas Hernandez,https://mcmaster.simplesyllabusca.com/doc/oze3g39b6/Fall-2026-CHEM-3PC3-C01-VARGASHR-Mathematical-Tools-for-Chemical-Problems?mode=view,https://mcmaster.simplesyllabusca.com/api2/doc-library-search,False
CHEM 3RP3,Research Practicum in Chemistry,CHEM,found,simple_syllabus,McMaster Simple Syllabus,2026,fall,Dr. Yurij Mozharivskyj,https://mcmaster.simplesyllabusca.com/doc/eem20svlc/Fall-2026-CHEM-3RP3-C01-TBD-Research-Practicum-in-Chemistry?mode=view,https://mcmaster.simplesyllabusca.com/api2/doc-library-search,False
CHEM 4G12A,Senior Thesis,CHEM,missing,,,,,,,,False
CHEM 4IC3,"Solid State Inorganic Materials: Structures, Properties, Characterization and Applications",CHEM,missing,,,,,,,,False
CHEM 4OA3,Natural Products,CHEM,found,simple_syllabus,McMaster Simple Syllabus,2026,fall,James Mcnulty,https://mcmaster.simplesyllabusca.com/doc/wd2ztzs6j/Fall-2026-CHEM-4OA3-C01-JMCNULT-Natural-Products?mode=view,https://mcmaster.simplesyllabusca.com/api2/doc-library-search,False
CHEM 4OP3,Polymers and Organic Materials,CHEM,found,simple_syllabus,McMaster Simple Syllabus,2026,fall,Dr. Naveen Chopra,https://mcmaster.simplesyllabusca.com/doc/j8kwomykz/Fall-2026-CHEM-4OP3-C01-CHOPRN16-Polymers-and-Organic-Materials?mode=view,https://mcmaster.simplesyllabusca.com/api2/doc-library-search,False
CHEM 4Q03,Peer Tutoring in Chemistry,CHEM,missing,,,,,,,,False
CHEM 4RP6A,Research Project in Chemistry,CHEM,missing,,,,,,,,False
CHEM 4RP6S,Research Project in Chemistry,CHEM,missing,,,,,,,,False
CHEMBME 5P06A,Integrated Chemical & Biomedical Engineering Capstone Design Project,CHEMBME,missing,,,,,,,,False
CHEMENG 2D04,Chemical Engineering Principles I,CHEMENG,found,official_department,engineering_chemical,,,Drew Higgins,https://www.eng.mcmaster.ca//app/uploads/2024/01/CHEMENG-2D04_Course-Outline_F2025-tentative.pdf,https://www.eng.mcmaster.ca/chemeng/courses/,True
CHEMENG 2DW1,Problem Solving Strategies,CHEMENG,found,official_department,engineering_chemical,,,Jake Nease,https://www.eng.mcmaster.ca//app/uploads/2025/09/2DW1_Syllabus_2025.pdf,https://www.eng.mcmaster.ca/chemeng/courses/,True
CHEMENG 2E04,Numerical Methods and Computing for Chemical Engineers,CHEMENG,found,official_department,engineering_chemical,,,Stuart Linley,https://www.eng.mcmaster.ca//app/uploads/2024/01/CHEMENG-2E04_Course-Outline_F2025.pdf,https://www.eng.mcmaster.ca/chemeng/courses/,True
CHEMENG 3BK3,Bio-Reaction Engineering,CHEMENG,found,official_department,engineering_chemical,,,Vince Leung,https://www.eng.mcmaster.ca//app/uploads/2024/01/CHEMENG-3BK3_Course-Outline_F2025.pdf,https://www.eng.mcmaster.ca/chemeng/courses/,True
CHEMENG 3D04,Chemical Engineering Thermodynamics,CHEMENG,found,official_department,engineering_chemical,,,Li Xi,https://www.eng.mcmaster.ca//app/uploads/2024/01/CHEMENG-3D04_Course-Outline_F2025.pdf,https://www.eng.mcmaster.ca/chemeng/courses/,True
CHEMENG 3TP6,Transport Phenomena,CHEMENG,found,official_department,engineering_chemical,,,Shelir Ebrahimi; Zeinab Hosseinidoust,https://www.eng.mcmaster.ca//app/uploads/2025/09/CHEMENG-3TP6_Course-Outline_F2025.pdf,https://www.eng.mcmaster.ca/chemeng/courses/,True
CHEMENG 3U04,Unit Operations,CHEMENG,found,official_department,engineering_chemical,,,Vince Leung,https://www.eng.mcmaster.ca//app/uploads/2025/09/CHEMENG-3U04_Course-Outline_F2025.pdf,https://www.eng.mcmaster.ca/chemeng/courses/,True
CHEMENG 4A03,Energy Systems Engineering,CHEMENG,found,official_department,engineering_chemical,,,Giancarlo Dalle Ave,https://www.eng.mcmaster.ca//app/uploads/2025/05/ChE4A03_CourseOutlineCleaned_2025_v01.pdf,https://www.eng.mcmaster.ca/chemeng/courses/,True
CHEMENG 4B03,Polymer Reaction Engineering,CHEMENG,found,official_department,engineering_chemical,,,Boyang Zhang,https://www.eng.mcmaster.ca//app/uploads/2024/01/CHEMENG-4B03_6B03_Course-Outline_F2025.pdf,https://www.eng.mcmaster.ca/chemeng/courses/,True
CHEMENG 4E03,Modern Methods for Process Control,CHEMENG,missing,,,,,,,,False
CHEMENG 4K03,Reactor Design for Heterogeneous Systems: Principles and Machine Learning Perspective,CHEMENG,found,official_department,engineering_chemical,,,Prashant Mhaskar,https://www.eng.mcmaster.ca//app/uploads/2024/01/CHEMENG-4K03_Course-Outline_F2025.pdf,https://www.eng.mcmaster.ca/chemeng/courses/,True
CHEMENG 4L03,Advanced Laboratory Skills,CHEMENG,found,official_department,engineering_chemical,,,Tim Stephens,https://www.eng.mcmaster.ca//app/uploads/2024/01/4L03-Syllabus-Word-Doc-Aug-25-2025.pdf,https://www.eng.mcmaster.ca/chemeng/courses/,True
CHEMENG 4M03,Industrial Separation Processes,CHEMENG,found,official_department,engineering_chemical,,,Raja Ghosh,https://www.eng.mcmaster.ca//app/uploads/2024/01/4M03CourseOutline2025.pdf,https://www.eng.mcmaster.ca/chemeng/courses/,True
CHEMENG 4N04,Engineering Economics and Problem Solving,CHEMENG,found,official_department,engineering_chemical,,,Jake Nease,https://www.eng.mcmaster.ca//app/uploads/2024/01/4N04_Syllabus_2025.pdf,https://www.eng.mcmaster.ca/chemeng/courses/,True
CHEMENG 4W06A,Chemical Plant Design and Capstone Project,CHEMENG,missing,,,,,,,,False
CHEMENG 4Y04A,Senior Independent Project,CHEMENG,found,official_department,engineering_chemical,,,Todd Hoare,https://www.eng.mcmaster.ca//app/uploads/2024/01/CHEMICAL-ENGINEERING-4Y04-Course-Outline-and-Supervisory-Agreement-1.pdf,https://www.eng.mcmaster.ca/chemeng/courses/,True
CIVBME 5P06A,Integrated Civil & Biomedical Engineering Capstone Design Project,CIVBME,missing,,,,,,,,False
CIVDEM 3EL3,Election Law and Policy,CIVDEM,missing,,,,,,,,False
CIVDEM 3Z03,Canadian Public Sector Management,CIVDEM,missing,,,,,,,,False
CIVDEM 4ED6A,Partnered Research in Elections and Democracy,CIVDEM,missing,,,,,,,,False
CIVENG 2A03,Surveying and Measurement for Transportation and Construction,CIVENG,found,official_department,engineering_civil,,,Hao Yang,https://www.eng.mcmaster.ca//app/uploads/2024/01/CIVENG-2A03-Course-Outline-Fall-2025.pdf,https://www.eng.mcmaster.ca/civil/courses/,True
CIVENG 2B04,Principles of Environmental Engineering,CIVENG,found,official_department,engineering_civil,,,Zoe Li,https://www.eng.mcmaster.ca//app/uploads/2024/01/course-outline-2B04.pdf,https://www.eng.mcmaster.ca/civil/courses/,True
CIVENG 2E03,Computer Applications in Civil Engineering,CIVENG,found,simple_syllabus,McMaster Simple Syllabus,2026,fall,Mahtab Masouminia,https://mcmaster.simplesyllabusca.com/doc/4fnxamuqe/Fall-2026-CIVENG-2E03-C01-CHURCH-Computer-Applications-in-Civil-Engineering?mode=view,https://mcmaster.simplesyllabusca.com/api2/doc-library-search,False
CIVENG 2P04,Statics and Mechanics of Materials,CIVENG,found,official_department,engineering_civil,,,Ousmane Hisseine,https://www.eng.mcmaster.ca//app/uploads/2024/01/Course-Outline_2P04_Fall2025.pdf,https://www.eng.mcmaster.ca/civil/courses/,True
CIVENG 2X03,Introduction to Civil Engineering,CIVENG,found,official_department,engineering_civil,,,Lydell Wiebe,https://www.eng.mcmaster.ca//app/uploads/2024/08/CE2X03.pdf,https://www.eng.mcmaster.ca/civil/courses/,True
CIVENG 3A03,Geotechnical Engineering I,CIVENG,found,simple_syllabus,McMaster Simple Syllabus,2026,fall,Dr. Yazan Asia,https://mcmaster.simplesyllabusca.com/doc/zr2t8dgyg/Fall-2026-CIVENG-3A03-C01-ASAIY-Geotechnical-Engineering-I?mode=view,https://mcmaster.simplesyllabusca.com/api2/doc-library-search,False
CIVENG 3C03,Engineering Systems,CIVENG,found,official_department,engineering_civil,,,Seyedhamid Moafimadani,https://www.eng.mcmaster.ca//app/uploads/2024/01/Fall-2025-CIVENG-3C03-C01-ABDELMOM-Engineering-Systems.pdf,https://www.eng.mcmaster.ca/civil/courses/,True
CIVENG 3G04,Structural Analysis,CIVENG,found,official_department,engineering_civil,,,Michael Tait,https://www.eng.mcmaster.ca//app/uploads/2024/01/CE3G04-2025-26-COURSE-OUTLINE.pdf,https://www.eng.mcmaster.ca/civil/courses/,True
CIVENG 3K03,Introduction to Transportation Engineering,CIVENG,found,official_department,engineering_civil,,,Saiedeh Razavi,https://www.eng.mcmaster.ca//app/uploads/2024/01/Fall-2025-CIVENG-3K03-T02-RAZAVI-Introduction-to-Transportation-Engineering.pdf,https://www.eng.mcmaster.ca/civil/courses/,True
CIVENG 3P04,Civil Engineering Materials and Design,CIVENG,found,official_department,engineering_civil,,,Ousmane Hisseine,https://www.eng.mcmaster.ca//app/uploads/2024/01/Course-Outline_CIVEN-3P04_Fall-2025.pdf,https://www.eng.mcmaster.ca/civil/courses/,True
CIVENG 4A04,Engineering Hydrology,CIVENG,found,official_department,engineering_civil,,,Ashkan Irannezhad,https://www.eng.mcmaster.ca//app/uploads/2024/08/Fall-2024-CIVENG-4A04-IRANNEA-.pdf,https://www.eng.mcmaster.ca/civil/courses/,True
CIVENG 4BP4,Building Science,CIVENG,found,official_department,engineering_civil,,,Samir Chidiac,https://www.eng.mcmaster.ca//app/uploads/2024/01/CE4BP4-COURSE-OUTLINE.pdf,https://www.eng.mcmaster.ca/civil/courses/,True
CIVENG 4G04,Pavement Materials and Design,CIVENG,found,official_department,engineering_civil,,,Hao Yang,https://www.eng.mcmaster.ca//app/uploads/2024/01/CIVENG-4G04-Course-Outline-Fall-2025.pdf,https://www.eng.mcmaster.ca/civil/courses/,True
CIVENG 4K04,Modern Methods of Structural Analysis,CIVENG,found,official_department,engineering_civil,,,Mohamed Ezzeldin,https://www.eng.mcmaster.ca//app/uploads/2024/01/2025-26-4K04-COURSE-OUTLINE.pdf,https://www.eng.mcmaster.ca/civil/courses/,True
CIVENG 4N04,Steel Structures,CIVENG,found,official_department,engineering_civil,,,Ramla Qureshi,https://www.eng.mcmaster.ca//app/uploads/2024/01/4N04-Course-Outline-2025_v2.pdf,https://www.eng.mcmaster.ca/civil/courses/,True
CIVENG 4P04,Engineering Hydrogeology,CIVENG,found,simple_syllabus,McMaster Simple Syllabus,2026,fall,Adedapo Awolayo,https://mcmaster.simplesyllabusca.com/doc/f5zwfvo2v/Fall-2026-CIVENG-4P04-C01-AWOLAYOA-Engineering-Hydrogeology?mode=view,https://mcmaster.simplesyllabusca.com/api2/doc-library-search,False
CIVENG 4S04,Foundation Engineering,CIVENG,found,official_department,engineering_civil,,,Mehdi Shafikhani,https://www.eng.mcmaster.ca//app/uploads/2024/01/CE-4S04-Course-Outline-Fall-2025.pdf,https://www.eng.mcmaster.ca/civil/courses/,True
CIVENG 4X06A,Design and Synthesis Project in Civil Engineering,CIVENG,missing,,,,,,,,False
CIVENG 4Z04A,Independent Study,CIVENG,missing,,,,,,,,False
CIVTECH 3GE3,Geotechnical Materials and Analysis,CIVTECH,found,official_department,engineering_technology,,,"Michael Justason, P.Eng.",https://www.eng.mcmaster.ca//app/uploads/2024/01/CIVTECH-3GE3-Fall-2023.pdf,https://www.eng.mcmaster.ca/sept/courses/,True
CIVTECH 3SA3,Structural Analysis,CIVTECH,found,official_department,engineering_technology,,,,https://www.eng.mcmaster.ca//app/uploads/2024/01/CIVTECH-3SA3-Fall-2023.pdf,https://www.eng.mcmaster.ca/sept/courses/,True
CIVTECH 4BC3,Building Science,CIVTECH,found,official_department,engineering_technology,,,,https://www.eng.mcmaster.ca//app/uploads/2024/01/CIVTECH-4BC3-Winter-2023.pdf,https://www.eng.mcmaster.ca/sept/courses/,True
CIVTECH 4LU3,Advanced Land Use Planning,CIVTECH,found,official_department,engineering_technology,,,,https://www.eng.mcmaster.ca//app/uploads/2024/01/CIVTECH-4LU3-Summer-2024.pdf,https://www.eng.mcmaster.ca/sept/courses/,True
CIVTECH 4RC3,Reinforced Concrete and Masonry Design,CIVTECH,found,official_department,engineering_technology,,,,https://www.eng.mcmaster.ca//app/uploads/2024/01/CIVTECH-4RC3-Fall-2023.pdf,https://www.eng.mcmaster.ca/sept/courses/,True
CIVTECH 4WT3,Municipal and Environmental Engineering,CIVTECH,found,official_department,engineering_technology,,,,https://www.eng.mcmaster.ca//app/uploads/2024/01/CIVTECH-4WT3-Fall-2023.pdf,https://www.eng.mcmaster.ca/sept/courses/,True
CMTYENGA 2A03,Foundations of Community Engagement,CMTYENGA,found,simple_syllabus,McMaster Simple Syllabus,2026,fall,Sarah Precious,https://mcmaster.simplesyllabusca.com/doc/j4ztgp2pm/Fall-2026-CMTYENGA-2A03-C01-PRECIOUS-Foundations-of-Community-Engagement?mode=view,https://mcmaster.simplesyllabusca.com/api2/doc-library-search,False
CMTYENGA 2MC3,Design and Creation of Engaged Learning for Community Youth,CMTYENGA,found,simple_syllabus,McMaster Simple Syllabus,2026,fall,Rebecca Collins-Nelsen,https://mcmaster.simplesyllabusca.com/doc/8enslklln/Fall-2026-CMTYENGA-2MC3-C01-COLLIR2-Design-and-Creation-of-Engaged-Learning-for-Community-Youth?mode=view,https://mcmaster.simplesyllabusca.com/api2/doc-library-search,False
CMTYENGA 3E03,Community Engagement in Practice with Empowerment Squared,CMTYENGA,missing,,,,,,,,False
CMTYENGA 4A06,Semester at CityLAB: Design and Dialogue Inquiry,CMTYENGA,found,simple_syllabus,McMaster Simple Syllabus,2026,fall,Rachel Johnson (Project Management),https://mcmaster.simplesyllabusca.com/doc/ymdxu67zt/Fall-2026-CMTYENGA-4A06-C01-KAYRL-Semester-at-CityLAB-Design-and-Dialogue-Inquiry?mode=view,https://mcmaster.simplesyllabusca.com/api2/doc-library-search,False
CMTYENGA 4A09,Semester at CityLAB: Applied Project Experience,CMTYENGA,missing,,,,,,,,False
COMMERCE 1AA3,Introductory Financial Accounting,COMMERCE,found,official_department,degroote_commerce,2026,winter,E. Islam,https://ug.degroote.mcmaster.ca/wp-content/uploads/sites/91/2026/01/1AA3-W26-E.-Islam.pdf,https://ug.degroote.mcmaster.ca/descriptions/1aa3/,False
COMMERCE 1BA3,Organizational Behaviour,COMMERCE,found,official_department,degroote_commerce,2026,summer,Y. Lee,https://ug.degroote.mcmaster.ca/wp-content/uploads/sites/91/2026/05/COMM-1BA3-SS26-course-outline-Lee-3.pdf,https://ug.degroote.mcmaster.ca/descriptions/1ba3/,False
COMMERCE 1E03,Business Environment and Organization,COMMERCE,found,official_department,degroote_commerce,2026,fall,C. Capretta,https://ug.degroote.mcmaster.ca/wp-content/uploads/sites/91/2026/09/COMM-1E03-F26-Capretta.pdf,https://ug.degroote.mcmaster.ca/descriptions/1e03/,False
COMMERCE 1GR0A,DeGroote Student Experience and Development I,COMMERCE,missing,,,,,,,,False
COMMERCE 1MA3,Introduction to Marketing,COMMERCE,found,official_department,degroote_commerce,2026,winter,"C. Ling, S. Kim",https://ug.degroote.mcmaster.ca/wp-content/uploads/sites/91/2026/01/COMM-1MA3-W26-Kim-Ling_FINAL.pdf,https://ug.degroote.mcmaster.ca/descriptions/1ma3/,False
COMMERCE 1TS0,Orientation for New Transfer Students,COMMERCE,missing,,,,,,,,False
COMMERCE 2AB3,Managerial Accounting I,COMMERCE,found,official_department,degroote_commerce,2025,fall,A. Mokhtar; A.S. Merali,https://ug.degroote.mcmaster.ca/wp-content/uploads/sites/91/2025/08/2AB3-F25-Final.pdf | https://ug.degroote.mcmaster.ca/wp-content/uploads/sites/91/2025/08/2AB3-F25-Merali.pdf,https://ug.degroote.mcmaster.ca/descriptions/2ab3/,False
COMMERCE 2CO0,Co-op and Career Development Course,COMMERCE,found,simple_syllabus,McMaster Simple Syllabus,2026,fall,,https://mcmaster.simplesyllabusca.com/doc/765xzttj4/Fall-2026-COMMERCE-2CO0-C01-DLITTLE-Co-op-and-Career-Development-Course?mode=view,https://mcmaster.simplesyllabusca.com/api2/doc-library-search,False
COMMERCE 2DA3,Decision Making with Analytics,COMMERCE,found,official_department,degroote_commerce,2025,fall,L. Shi; Z. Mashayekhi,https://ug.degroote.mcmaster.ca/wp-content/uploads/sites/91/2025/08/COMM-2DA3-F25-course-outline-Shi.pdf | https://ug.degroote.mcmaster.ca/wp-content/uploads/sites/91/2025/08/COMM-2DA3-F25-course-outline-Mashayekhi.pdf,https://ug.degroote.mcmaster.ca/descriptions/2da3/,False
COMMERCE 2FA3,Introduction to Finance,COMMERCE,found,official_department,degroote_commerce,2026,winter,J. Tome,https://ug.degroote.mcmaster.ca/wp-content/uploads/sites/91/2026/01/2FA3-W26-J.-Tome.pdf,https://ug.degroote.mcmaster.ca/descriptions/2fa3/,False
COMMERCE 2FB3,Managerial Finance,COMMERCE,missing,,,,,,,,False
COMMERCE 2GR0,DeGroote Student Experience and Development II,COMMERCE,found,official_department,degroote_commerce,2026,winter,A. Boey,https://ug.degroote.mcmaster.ca/wp-content/uploads/sites/91/2026/01/COMM-2GR0-W26-course-outline-Boey.pdf,https://ug.degroote.mcmaster.ca/descriptions/2gr0/,False
COMMERCE 2NG3,Negotiations,COMMERCE,found,official_department,degroote_commerce,2025,fall,A. Boey; C. Capretta; R. Alsadi,https://ug.degroote.mcmaster.ca/wp-content/uploads/sites/91/2025/08/Comm-2NG3-F25-course-outline-Boey.pdf | https://ug.degroote.mcmaster.ca/wp-content/uploads/sites/91/2025/08/Comm-2NG3-F25-course-outline-Alasadi-3.pdf | https://ug.degroote.mcmaster.ca/wp-content/uploads/sites/91/2025/08/Comm-2NG3-F25-course-outline-Capretta-2.pdf,https://ug.degroote.mcmaster.ca/descriptions/2ng3/,False
COMMERCE 3AB3,Intermediate Financial Accounting I,COMMERCE,found,official_department,degroote_commerce,2025,fall,K. Li | Y. Kwok,https://ug.degroote.mcmaster.ca/wp-content/uploads/sites/91/2025/08/3AB3-F25-li-kwok.pdf,https://ug.degroote.mcmaster.ca/descriptions/3ab3/,False
COMMERCE 3DA3,Predictive Analytics,COMMERCE,found,official_department,degroote_commerce,2026,winter,E. Blasioli,https://ug.degroote.mcmaster.ca/wp-content/uploads/sites/91/2025/12/COMM-3DA3-W26-course-outline-Blasioli.pdf,https://ug.degroote.mcmaster.ca/descriptions/3da3/,False
COMMERCE 3FB3,Securities Analysis,COMMERCE,found,official_department,degroote_commerce,2026,winter,R. Jin; S. Wang,https://ug.degroote.mcmaster.ca/wp-content/uploads/sites/91/2025/12/3FB3-W26-S.-Wang.pdf | https://ug.degroote.mcmaster.ca/wp-content/uploads/sites/91/2025/12/3FB3-W26-C02-Jin.pdf,https://ug.degroote.mcmaster.ca/descriptions/3fb3/,False
COMMERCE 3FC3,International Finance,COMMERCE,missing,,,,,,,,False
COMMERCE 3FD3,Financial Modelling,COMMERCE,found,official_department,degroote_commerce,2026,winter,Y. Zhao,https://ug.degroote.mcmaster.ca/wp-content/uploads/sites/91/2025/12/3FD3-W26-Y.-Zhao.pdf,https://ug.degroote.mcmaster.ca/descriptions/3fd3/,False
COMMERCE 3FH3,Alternative Investments and Portfolio Management,COMMERCE,found,official_department,degroote_commerce,2026,winter,A. Mahmood,https://ug.degroote.mcmaster.ca/wp-content/uploads/sites/91/2026/01/3FH3-W26-A.-Mahmood.pdf,https://ug.degroote.mcmaster.ca/descriptions/3fh3/,False
COMMERCE 3FI3,Market Trading with Options and Futures,COMMERCE,found,official_department,degroote_commerce,2026,winter,J. Siam,https://ug.degroote.mcmaster.ca/wp-content/uploads/sites/91/2025/12/3FI3-W26-Siam.pdf,https://ug.degroote.mcmaster.ca/descriptions/3fi3/,False
COMMERCE 3FK3,Intermediate Corporate Finance,COMMERCE,found,official_department,degroote_commerce,2025,fall,S. Sarkar,https://ug.degroote.mcmaster.ca/wp-content/uploads/sites/91/2025/08/3FK3-F25-Sarkar-C01.pdf | https://ug.degroote.mcmaster.ca/wp-content/uploads/sites/91/2025/08/3FK3-F25-Sarkar-C02.pdf,https://ug.degroote.mcmaster.ca/descriptions/3fk3/,False
COMMERCE 3FN3,Big Data in Finance,COMMERCE,missing,,,,,,,,False
COMMERCE 3GR0,DeGroote Student Experience and Development III,COMMERCE,missing,,,,,,,,False
COMMERCE 3KA3,System Analysis and Design,COMMERCE,found,official_department,degroote_commerce,2025,fall,A. Montazemi,https://ug.degroote.mcmaster.ca/wp-content/uploads/sites/91/2025/08/COMM-3KA3-F25-course-outline-Montazemi-1.pdf | https://ug.degroote.mcmaster.ca/wp-content/uploads/sites/91/2025/08/COMM-3KA3-F25-course-outline-Montazemi-C02.pdf,https://ug.degroote.mcmaster.ca/descriptions/3ka3/,False
COMMERCE 3KE3,Management of Enterprise Data Analytics and Artificial Intelligence,COMMERCE,missing,,,,,,,,False
COMMERCE 3MA3,Marketing Research,COMMERCE,missing,,,,,,,,False
COMMERCE 3MB3,Consumer Behaviour,COMMERCE,found,official_department,degroote_commerce,2026,winter,M. Hupfer,https://ug.degroote.mcmaster.ca/wp-content/uploads/sites/91/2025/12/COMM-3MB3-W26-Hupfer.pdf,https://ug.degroote.mcmaster.ca/descriptions/3mb3/,False
COMMERCE 3MC3,Applied Marketing Management,COMMERCE,found,official_department,degroote_commerce,2026,winter,K. C. Lesage; M. Malik; M. Ryder,https://ug.degroote.mcmaster.ca/wp-content/uploads/sites/91/2025/12/COMM-3MC3-C01-C03-W26-Malik.pdf | https://ug.degroote.mcmaster.ca/wp-content/uploads/sites/91/2025/12/COMM-3MC3-C02-C08-W26-Lesage.pdf | https://ug.degroote.mcmaster.ca/wp-content/uploads/sites/91/2025/12/COMM-3MC3-C04-C05-W26-Ryder.pdf,https://ug.degroote.mcmaster.ca/descriptions/3mc3/,False
COMMERCE 4AA3,Managerial Accounting II,COMMERCE,found,official_department,degroote_commerce,2026,winter,A. S. Merali,https://ug.degroote.mcmaster.ca/wp-content/uploads/sites/91/2025/12/4AA3-W26-Merali.pdf,https://ug.degroote.mcmaster.ca/descriptions/4aa3/,False
COMMERCE 4AC3,Advanced Financial Accounting,COMMERCE,found,official_department,degroote_commerce,2026,winter,Y. Kwok,https://ug.degroote.mcmaster.ca/wp-content/uploads/sites/91/2025/12/4AC3-W26-Kwok.pdf,https://ug.degroote.mcmaster.ca/descriptions/4ac3/,False
COMMERCE 4AD3,Introduction to Auditing,COMMERCE,missing,,,,,,,,False
COMMERCE 4AF3,Accounting Theory,COMMERCE,found,official_department,degroote_commerce,2026,winter,J. Jin,https://ug.degroote.mcmaster.ca/wp-content/uploads/sites/91/2025/12/4AF3-W26-Jin.pdf,https://ug.degroote.mcmaster.ca/descriptions/4af3/,False
COMMERCE 4BB3,Recruitment and Selection,COMMERCE,found,official_department,degroote_commerce,2026,winter,Y. Yao,https://ug.degroote.mcmaster.ca/wp-content/uploads/sites/91/2025/12/COMM-4BB3-W26-course-outline-Yao-1.pdf,https://ug.degroote.mcmaster.ca/descriptions/4bb3/,False
COMMERCE 4BG3,Public Sector Collective Bargaining,COMMERCE,missing,,,,,,,,False
COMMERCE 4BI3,Training and Development,COMMERCE,found,official_department,degroote_commerce,2025,fall,H. Chen,https://ug.degroote.mcmaster.ca/wp-content/uploads/sites/91/2025/08/COMM-4BI3-F25-course-outline-Chen.pdf,https://ug.degroote.mcmaster.ca/descriptions/4bi3/,False
COMMERCE 4BL3,Occupational Health and Safety Management,COMMERCE,found,official_department,degroote_commerce,2025,fall,L. Djelalian-Pepper,https://ug.degroote.mcmaster.ca/wp-content/uploads/sites/91/2025/09/COMM-4BL3-F25-course-outline-Djelalian-Pepper.pdf,https://ug.degroote.mcmaster.ca/descriptions/4bl3/,False
COMMERCE 4CB3,"Health Care Systems: Management, Policy, and Innovation",COMMERCE,missing,,,,,,,,False
COMMERCE 4DA3,Modelling and Prescriptive Analytics,COMMERCE,found,official_department,degroote_commerce,2025,fall,Z. Vosooghi,https://ug.degroote.mcmaster.ca/wp-content/uploads/sites/91/2025/08/COMM-4DA3-F25-course-outline-Vosooghi.pdf,https://ug.degroote.mcmaster.ca/descriptions/4da3/,False
COMMERCE 4EL3,Experiential Learning in Business,COMMERCE,found,official_department,degroote_commerce,,,"Download the proposal form (for 4EL3) and fill it out with your supervisor. The form includes information about the components of the course, evaluation, and deadlines.",https://ug.degroote.mcmaster.ca/wp-content/uploads/sites/91/2023/12/4EL3-Experiential-Learning-Project-Proposal-Outline_v.-Nov-23.pdf,https://ug.degroote.mcmaster.ca/descriptions/4el3/,True
COMMERCE 4FC3,Ethics and Professional Practice in Finance,COMMERCE,found,official_department,degroote_commerce,2025,fall,S. Bose,https://ug.degroote.mcmaster.ca/wp-content/uploads/sites/91/2025/08/4FC3-C01-F25-Bose.pdf,https://ug.degroote.mcmaster.ca/descriptions/4fc3/,False
COMMERCE 4FL3,Personal Financial Management,COMMERCE,found,official_department,degroote_commerce,2026,winter,S. Bose,https://ug.degroote.mcmaster.ca/wp-content/uploads/sites/91/2025/12/4FL3-W26-S.-Bose.pdf,https://ug.degroote.mcmaster.ca/descriptions/4fl3/,False
COMMERCE 4FP3,Personal Finance,COMMERCE,found,official_department,degroote_commerce,2025,fall,S. Cheung,https://ug.degroote.mcmaster.ca/wp-content/uploads/sites/91/2025/08/4FP3-F25-Cheung.pdf,https://ug.degroote.mcmaster.ca/descriptions/4fp3/,False
COMMERCE 4FR3,Insurance and Risk Management,COMMERCE,found,official_department,degroote_commerce,2024,fall,S. Bose,https://ug.degroote.mcmaster.ca/wp-content/uploads/sites/91/2024/08/4FR3-F24-Bose.pdf,https://ug.degroote.mcmaster.ca/descriptions/4fr3/,False
COMMERCE 4FW3,Finance for Entrepreneurs,COMMERCE,found,official_department,degroote_commerce,2025,fall,T. Chamberlain,https://ug.degroote.mcmaster.ca/wp-content/uploads/sites/91/2025/09/4FW3-F25-Chamberlain.pdf,https://ug.degroote.mcmaster.ca/descriptions/4fw3/,False
COMMERCE 4FY3,Introduction to FinTech,COMMERCE,missing,,,,,,,,False
COMMERCE 4GR3,DeGroote Student Experience and Development IV,COMMERCE,missing,,,,,,,,False
COMMERCE 4IA0,Internship 1,COMMERCE,missing,,,,,,,,False
COMMERCE 4IB0,Internship 2,COMMERCE,missing,,,,,,,,False
COMMERCE 4KF3,Project Management,COMMERCE,found,official_department,degroote_commerce,2026,winter,N.Wagner,https://ug.degroote.mcmaster.ca/wp-content/uploads/sites/91/2026/01/COMM-4KF3-W26-course-outline-Wagner.pdf,https://ug.degroote.mcmaster.ca/descriptions/4kf3/,False
COMMERCE 4KH3,Strategies for Electronic and Mobile Business,COMMERCE,found,official_department,degroote_commerce,2025,fall,A. Montazemi,https://ug.degroote.mcmaster.ca/wp-content/uploads/sites/91/2025/08/COMM-4KH3-F25-course-outline-Montazemi.pdf,https://ug.degroote.mcmaster.ca/descriptions/4kh3/,False
COMMERCE 4MA3,Advertising and Integrated Marketing Communication,COMMERCE,found,official_department,degroote_commerce,2026,winter,C. DeVries,https://ug.degroote.mcmaster.ca/wp-content/uploads/sites/91/2025/12/COMM-4MA3-W26-DeVries.pdf,https://ug.degroote.mcmaster.ca/descriptions/4ma3/,False
COMMERCE 4ME3,Sales Management,COMMERCE,found,official_department,degroote_commerce,2026,winter,M. Malik,https://ug.degroote.mcmaster.ca/wp-content/uploads/sites/91/2025/12/COMM-4ME3-W26-Malik.pdf,https://ug.degroote.mcmaster.ca/descriptions/4me3/,False
COMMERCE 4MH3,Digital Marketing,COMMERCE,missing,,,,,,,,False
COMMERCE 4OI3,Supply Chain Management,COMMERCE,found,official_department,degroote_commerce,2025,fall,K. Huang; K.Huang,https://ug.degroote.mcmaster.ca/wp-content/uploads/sites/91/2025/08/COMM-4OI3-F25-course-outline-Zhou.pdf | https://ug.degroote.mcmaster.ca/wp-content/uploads/sites/91/2025/08/COMM-4OI3-F25-course-outline-Zhou-C02.pdf,https://ug.degroote.mcmaster.ca/descriptions/4oi3/,False
COMMERCE 4PA3,Business Policy: Strategic Management,COMMERCE,found,official_department,degroote_commerce,2026,winter,"R. Cossa, G. Huang, A. Ali",https://ug.degroote.mcmaster.ca/wp-content/uploads/sites/91/2026/02/COMM-4PA3-W26-Cossa-Huang-Ali.pdf,https://ug.degroote.mcmaster.ca/descriptions/4pa3/,False
COMMERCE 4QA3,Operations Modelling and Analysis,COMMERCE,found,official_department,degroote_commerce,2026,winter,A. Foda,https://ug.degroote.mcmaster.ca/wp-content/uploads/sites/91/2026/01/COMM-4QA3-W26-course-oultine-Foda.pdf,https://ug.degroote.mcmaster.ca/descriptions/4qa3/,False
COMMERCE 4SA3,International Business,COMMERCE,found,official_department,degroote_commerce,2026,winter,"P. Balaji, J. Han, A. Taherizadeh",https://ug.degroote.mcmaster.ca/wp-content/uploads/sites/91/2025/12/COMM-4SA3-W26-Balaji-Han-Taherizadeh.pdf,https://ug.degroote.mcmaster.ca/descriptions/4sa3/,False
COMMERCE 4SB3,Introduction to Canadian Taxation,COMMERCE,found,official_department,degroote_commerce,2025,fall,E. Bentzen-Bilkvist,https://ug.degroote.mcmaster.ca/wp-content/uploads/sites/91/2025/08/4SB3-F25-Bentzen-Bilkvist.pdf,https://ug.degroote.mcmaster.ca/descriptions/4sb3/,False
COMMERCE 4SD3,Commercial Law,COMMERCE,found,official_department,degroote_commerce,2026,summer,K. Ketsetzis,https://ug.degroote.mcmaster.ca/wp-content/uploads/sites/91/2026/05/COMM-4SD3-S26-Ketsetzis.pdf,https://ug.degroote.mcmaster.ca/descriptions/4sd3/,False
COMMERCE 4SE3,Entrepreneurship,COMMERCE,found,official_department,degroote_commerce,2025,fall,M. Ryder,https://ug.degroote.mcmaster.ca/wp-content/uploads/sites/91/2025/09/COMM-4SE3-F25-Ryder.pdf,https://ug.degroote.mcmaster.ca/descriptions/4se3/,False
COMMERCE 4SM3,Sports Management,COMMERCE,found,official_department,degroote_commerce,2026,winter,G. Huang,https://ug.degroote.mcmaster.ca/wp-content/uploads/sites/91/2025/12/COMM-4SM3-W26-Huang.pdf,https://ug.degroote.mcmaster.ca/descriptions/4sm3/,False
COMMERCE 4SY3,Independent Study in Business,COMMERCE,found,official_department,degroote_commerce,,,"Download the proposal form (for 4SY3) and fill it out with your supervisor. The form includes information about the components of the course, evaluation, and deadlines.",https://ug.degroote.mcmaster.ca/wp-content/uploads/sites/91/2023/12/4SY3-Independent-Study-Project-Proposal-Outline_v.-Nov-23.pdf,https://ug.degroote.mcmaster.ca/descriptions/4sy3/,True
COMPENG 2DI4,Logic Design,COMPENG,found,official_department,engineering_electrical_computer,,,Shahrukh Athar; Ameer Abdelhadi,https://www.eng.mcmaster.ca//app/uploads/2025/09/COMPENG-2DI4-Course-Outline-2025.pdf,https://www.eng.mcmaster.ca/ece/courses/,True
COMPENG 2SH4,Principles of Programming,COMPENG,found,official_department,engineering_electrical_computer,2026,fall,Scott Chen,https://www.eng.mcmaster.ca//app/uploads/2024/01/CE_-2SH4-F26-Course-Outline.pdf,https://www.eng.mcmaster.ca/ece/courses/,False
COMPENG 3DQ5,Digital Systems Design,COMPENG,found,official_department,engineering_electrical_computer,,,Nicola Nicolici,https://www.eng.mcmaster.ca//app/uploads/2025/09/COMPENG-3DQ5-Course-Outline-2025.pdf,https://www.eng.mcmaster.ca/ece/courses/,True
COMPENG 4DK4,Computer Communication Networks,COMPENG,found,official_department,engineering_electrical_computer,2026,fall,Dongmei Zhao,https://www.eng.mcmaster.ca//app/uploads/2024/01/CompEng_4DK4-Course-Outline-2026.pdf,https://www.eng.mcmaster.ca/ece/courses/,False
COMPENG 4DM4,Computer Architecture,COMPENG,found,official_department,engineering_electrical_computer,2026,fall,Scott Chen,https://www.eng.mcmaster.ca//app/uploads/2024/01/CE_4DM4-F26-Course-Outline.pdf,https://www.eng.mcmaster.ca/ece/courses/,False
COMPENG 4OJ4,Research Project,COMPENG,missing,,,,,,,,False
COMPENG 4SL4,Fundamentals of Machine Learning,COMPENG,found,official_department,engineering_electrical_computer,2026,fall,Jun Chen,https://www.eng.mcmaster.ca//app/uploads/2024/01/CompEng_4SL4_outline_2026-27.pdf,https://www.eng.mcmaster.ca/ece/courses/,False
COMPENG 4SP4,High-Performance Programming,COMPENG,found,official_department,engineering_electrical_computer,2026,fall,Kazem Cheshmi,https://www.eng.mcmaster.ca//app/uploads/2024/07/CE-outline_4SP4-2026.pdf,https://www.eng.mcmaster.ca/ece/courses/,False
COMPENG 4TL4,Digital Signal Processing,COMPENG,found,simple_syllabus,McMaster Simple Syllabus,2026,fall,Ratnasingham Tharmarasa,https://mcmaster.simplesyllabusca.com/doc/y2fie2pzs/Fall-2026-COMPENG-4TL4-L04-THARMR-Digital-Signal-Processing?mode=view,https://mcmaster.simplesyllabusca.com/api2/doc-library-search,False
COMPSCI 1JC3,Introduction to Computational Thinking,COMPSCI,found,official_department,cas_macdrive,2026,fall,,https://macdrive.mcmaster.ca/d/7d49d94585344fbab735/files/?p=%2FCOMPSCI+1JC3+-+William+Farmer_+Fall+2026.pdf&dl=1,https://macdrive.mcmaster.ca/d/7d49d94585344fbab735/,False
COMPSCI 1MD3,Introduction to Programming,COMPSCI,found,official_department,cas_macdrive,2026,fall,,https://macdrive.mcmaster.ca/d/7d49d94585344fbab735/files/?p=%2FCOMPSCI+1MD3-+Vincent+Maccio+_+Fall+2026.pdf&dl=1,https://macdrive.mcmaster.ca/d/7d49d94585344fbab735/,False
COMPSCI 2C03,Data Structures and Algorithms,COMPSCI,found,official_department,cas_macdrive,2026,fall,,https://macdrive.mcmaster.ca/d/7d49d94585344fbab735/files/?p=%2FCOMPSCI+2C03+-+Vincent+Maccio_Fall+2026.pdf&dl=1,https://macdrive.mcmaster.ca/d/7d49d94585344fbab735/,False
COMPSCI 2GA3,Computer Architecture,COMPSCI,found,official_department,cas_macdrive,2026,fall,,https://macdrive.mcmaster.ca/d/7d49d94585344fbab735/files/?p=%2FCOMPSCI+2GA3-+Bojan+Nokovic_Fall+2026.pdf&dl=1,https://macdrive.mcmaster.ca/d/7d49d94585344fbab735/,False
COMPSCI 2LC3,Logical Reasoning for Computer Science,COMPSCI,found,official_department,cas_macdrive,2026,fall,,https://macdrive.mcmaster.ca/d/7d49d94585344fbab735/files/?p=%2FCOMPSCI+2LC3+-+Wolfram+Kahl_+Fall+2026.pdf&dl=1,https://macdrive.mcmaster.ca/d/7d49d94585344fbab735/,False
COMPSCI 2ME3,Introduction to Software Development,COMPSCI,found,official_department,cas_macdrive,2026,fall,,https://macdrive.mcmaster.ca/d/7d49d94585344fbab735/files/?p=%2FCOMPSCI+2ME3+-+Irene+Yuan_+Fall+2026.pdf&dl=1,https://macdrive.mcmaster.ca/d/7d49d94585344fbab735/,False
COMPSCI 3GC3,Computer Graphics,COMPSCI,found,official_department,cas_macdrive,2026,fall,,https://macdrive.mcmaster.ca/d/7d49d94585344fbab735/files/?p=%2FCOMPSCI+3GC3_SFWRENG+3GC3+-+Yingying+Wang_+Fall+2026.pdf&dl=1,https://macdrive.mcmaster.ca/d/7d49d94585344fbab735/,False
COMPSCI 3MI3,Principles of Programming Languages,COMPSCI,found,simple_syllabus,McMaster Simple Syllabus,2026,fall,JP Rooney,https://mcmaster.simplesyllabusca.com/doc/jwqp0i424/Fall-2026-COMPSCI-3MI3-C01-ROONEYJP-Principles-of-Programming-Languages?mode=view,https://mcmaster.simplesyllabusca.com/api2/doc-library-search,False
COMPSCI 3RA3,Software Requirements and Security Considerations,COMPSCI,found,official_department,cas_macdrive,2026,fall,,https://macdrive.mcmaster.ca/d/7d49d94585344fbab735/files/?p=%2FCOMPSCI+3RA3+_SFWRENG+3RA3-Sebastien+Mosser_Fall+2026.pdf&dl=1,https://macdrive.mcmaster.ca/d/7d49d94585344fbab735/,False
COMPSCI 3SH3,Computer Science Practice and Experience: Operating Systems,COMPSCI,found,official_department,cas_macdrive,2026,fall,,https://macdrive.mcmaster.ca/d/7d49d94585344fbab735/files/?p=%2FCOMPSCI+3SH3_Neerja+Mhaskar_Fall+2026.pdf&dl=1,https://macdrive.mcmaster.ca/d/7d49d94585344fbab735/,False
COMPSCI 3VA3,Information Visualization and Visual Analytics,COMPSCI,found,official_department,cas_macdrive,2026,fall,,https://macdrive.mcmaster.ca/d/7d49d94585344fbab735/files/?p=%2FCOMPSCI+3VA3+-+Swati+Mishra_+Fall+2026.pdf&dl=1,https://macdrive.mcmaster.ca/d/7d49d94585344fbab735/,False
COMPSCI 3X03,Scientific Computation,COMPSCI,found,official_department,cas_macdrive,2026,fall,,https://macdrive.mcmaster.ca/d/7d49d94585344fbab735/files/?p=%2FCOMPSCI+3X03+_MECHTRON+3X03+_SFWRENG+4X03-Ned+Nedialkov_+Fall+2026.pdf&dl=1,https://macdrive.mcmaster.ca/d/7d49d94585344fbab735/,False
COMPSCI 4AL3,Applications of Machine Learning,COMPSCI,found,official_department,cas_macdrive,2026,fall,,https://macdrive.mcmaster.ca/d/7d49d94585344fbab735/files/?p=%2FCOMPSCI+4AL3+_+SFWRENG+4AL3+-+Charles+Welch+_Fall+2026.pdf&dl=1,https://macdrive.mcmaster.ca/d/7d49d94585344fbab735/,False
COMPSCI 4CR3,Applied Cryptography,COMPSCI,found,official_department,cas_macdrive,2026,fall,,https://macdrive.mcmaster.ca/d/7d49d94585344fbab735/files/?p=%2FCOMPSCI+4CR3+-+Jake+Doliskani_+Fall+2026.pdf&dl=1,https://macdrive.mcmaster.ca/d/7d49d94585344fbab735/,False
COMPSCI 4HC3,Human Computer Interfaces,COMPSCI,found,official_department,cas_macdrive,2026,fall,,https://macdrive.mcmaster.ca/d/7d49d94585344fbab735/files/?p=%2FCOMPSCI+4HC3+-+Denise+Geiskkovitch_Fall+2026.pdf&dl=1,https://macdrive.mcmaster.ca/d/7d49d94585344fbab735/,False
COMPSCI 4ML3,Fundamentals of Machine Learning,COMPSCI,found,official_department,cas_macdrive,2026,fall,,https://macdrive.mcmaster.ca/d/7d49d94585344fbab735/files/?p=%2FCOMPSCI+4ML3+-Hassan+Ashtiani_+Fall+2026.pdf&dl=1,https://macdrive.mcmaster.ca/d/7d49d94585344fbab735/,False
COMPSCI 4O03,Linear Optimization,COMPSCI,found,official_department,cas_macdrive,2026,fall,,https://macdrive.mcmaster.ca/d/7d49d94585344fbab735/files/?p=%2FSFWRENG+3O03+-+COMPSCI+4O03-Antoine+Deza_Fall+2026.pdf&dl=1,https://macdrive.mcmaster.ca/d/7d49d94585344fbab735/,False
COMPSCI 4TE3,Continuous Optimization,COMPSCI,found,official_department,cas_macdrive,2026,fall,,https://macdrive.mcmaster.ca/d/7d49d94585344fbab735/files/?p=%2FCOMPSCI+4TE3+-SFWRENG+4TE3-Antoine+Deza_Fall+2026.pdf&dl=1,https://macdrive.mcmaster.ca/d/7d49d94585344fbab735/,False
COMPSCI 4TH3,Theory of Computation,COMPSCI,found,official_department,cas_macdrive,2026,fall,,https://macdrive.mcmaster.ca/d/7d49d94585344fbab735/files/?p=%2FCOMPSCI+4TH3+_SFWRENG+4TH3+-+George+Karakostas_Fall+2026.pdf&dl=1,https://macdrive.mcmaster.ca/d/7d49d94585344fbab735/,False
COMPSCI 4Z03,Directed Readings,COMPSCI,found,official_department,engineering_computing_software,,,,https://www.cas.mcmaster.ca/cas/0files/rsh_prj_frm_perm_cs4z03.pdf,https://www.eng.mcmaster.ca/cas/courses/,True
COMPSCI 4ZP6A,Capstone Project,COMPSCI,missing,,,,,,,,False
ECON 1B03,Introductory Microeconomics,ECON,missing,,,,,,,,False
ECON 1BB3,Introductory Macroeconomics,ECON,missing,,,,,,,,False
ECON 1ME3,Introduction to Mathematical Economics,ECON,found,simple_syllabus,McMaster Simple Syllabus,2026,fall,Anastasios Papanastasiou,https://mcmaster.simplesyllabusca.com/doc/z31rzzl3g/Fall-2026-ECON-1ME3-C01-PAPANASA-Introduction-to-Mathematical-Economics?mode=view,https://mcmaster.simplesyllabusca.com/api2/doc-library-search,False
ECON 2A03,Economics of Labour-Market Issues,ECON,found,simple_syllabus,McMaster Simple Syllabus,2026,fall,Saeed-Ur-Rehman Rana,https://mcmaster.simplesyllabusca.com/doc/rqunmrlfb/Fall-2026-ECON-2A03-C01-RANAS3-Economics-of-Labour-Market-Issues?mode=view,https://mcmaster.simplesyllabusca.com/api2/doc-library-search,False
ECON 2B03,Analysis of Economic Data,ECON,missing,,,,,,,,False
ECON 2CC3,Health Economics and its Application to Health Policy,ECON,missing,,,,,,,,False
ECON 2I03,Financial Economics,ECON,missing,,,,,,,,False
ECON 2K03,Economic History of Canada,ECON,missing,,,,,,,,False
ECON 2NN3,Political Economy of Development,ECON,missing,,,,,,,,False
ECON 2P03,Economics of Professional Sports,ECON,missing,,,,,,,,False
ECON 2Y03,Intermediate Macroeconomics I,ECON,missing,,,,,,,,False
ECON 2YY3,Intermediate Macroeconomics II,ECON,missing,,,,,,,,False
ECON 2Z03,Intermediate Microeconomics I,ECON,found,simple_syllabus,McMaster Simple Syllabus,2026,fall,,https://mcmaster.simplesyllabusca.com/doc/polmoc4pz/Fall-2026-ECON-2Z03-C02-HEZ13-Intermediate-Microeconomics-I?mode=view,https://mcmaster.simplesyllabusca.com/api2/doc-library-search,False
ECON 2ZZ3,Intermediate Microeconomics II,ECON,found,simple_syllabus,McMaster Simple Syllabus,2026,fall,Anastasios Papanastasiou,https://mcmaster.simplesyllabusca.com/doc/ipdj3wlsi/Fall-2026-ECON-2ZZ3-C01-PAPANASA-Intermediate-Microeconomics-II?mode=view,https://mcmaster.simplesyllabusca.com/api2/doc-library-search,False
ECON 3B03,Public Sector Economics: Expenditures,ECON,found,simple_syllabus,McMaster Simple Syllabus,2026,fall,Dr. Zhen He,https://mcmaster.simplesyllabusca.com/doc/usgitxxeb/Fall-2026-ECON-3B03-C01-HEZ13-Public-Sector-Economics-Expenditures?mode=view,https://mcmaster.simplesyllabusca.com/api2/doc-library-search,False
ECON 3BE3,Behavioural Economics,ECON,missing,,,,,,,,False
ECON 3E03,Applied Econometrics,ECON,missing,,,,,,,,False
ECON 3EE3,Econometrics I,ECON,missing,,,,,,,,False
ECON 3H03,International Monetary Economics,ECON,found,simple_syllabus,McMaster Simple Syllabus,2026,fall,Zachary Mahone,https://mcmaster.simplesyllabusca.com/doc/6jdjxjb05/Fall-2026-ECON-3H03-C01-MAHONEZ-International-Monetary-Economics?mode=view,https://mcmaster.simplesyllabusca.com/api2/doc-library-search,False
ECON 3HH3,International Trade,ECON,missing,,,,,,,,False
ECON 3K03,Monetary Economics,ECON,missing,,,,,,,,False
ECON 3M03,Introduction to Game Theory,ECON,missing,,,,,,,,False
ECON 3T03,Economic Development,ECON,missing,,,,,,,,False
ECON 4F03,Methods of Inquiry in Economics,ECON,missing,,,,,,,,False
ECON 4FF3,Research Methods in Economics,ECON,missing,,,,,,,,False
ECON 4G03,Econometrics II,ECON,missing,,,,,,,,False
ECON 4M06A,Direct Research 1,ECON,missing,,,,,,,,False
ECON 4N03,Directed Research II,ECON,missing,,,,,,,,False
ECON 4T03,Advanced Economic Theory I,ECON,missing,,,,,,,,False
ELECBME 5P06A,Integrated Electrical & Biomedical Engineering Capstone Design Project,ELECBME,missing,,,,,,,,False
ELECENG 2CI4,Introduction to Circuit Analysis,ELECENG,found,official_department,engineering_electrical_computer,,,Shahrukh Athar,https://www.eng.mcmaster.ca//app/uploads/2024/01/EE-2CI4-Course-Outline-2025.pdf,https://www.eng.mcmaster.ca/ece/courses/,True
ELECENG 2MM3,Electrical Circuits and Power,ELECENG,found,official_department,engineering_electrical_computer,,,Phil Kollmeyer,https://www.eng.mcmaster.ca//app/uploads/2024/01/EE_2MM3-Fall-2026.pdf,https://www.eng.mcmaster.ca/ece/courses/,True
ELECENG 3EJ4,Electronic Devices and Circuits II,ELECENG,found,official_department,engineering_electrical_computer,2026,fall,Chih-Hung (James) Chen,https://www.eng.mcmaster.ca//app/uploads/2024/01/EE_3EJ4-Course-Outline-2026-27.pdf,https://www.eng.mcmaster.ca/ece/courses/,False
ELECENG 3FK4,Electromagnetics II,ELECENG,found,official_department,engineering_electrical_computer,2026,fall,Shiva Kumar,https://www.eng.mcmaster.ca//app/uploads/2024/01/ELECENG-3FK4-Fall-Outline-2026.pdf,https://www.eng.mcmaster.ca/ece/courses/,False
ELECENG 3N03,Analog Electronics for Measuring Systems,ELECENG,found,official_department,engineering_electrical_computer,2026,fall,Matiar Howlader,https://www.eng.mcmaster.ca//app/uploads/2024/01/ELECENG-3N03-Course-Outline-2025.pdf,https://www.eng.mcmaster.ca/ece/courses/,False
ELECENG 3TP3,Signal & Systems,ELECENG,found,official_department,engineering_electrical_computer,2026,fall,Ian Bruce; Aleksandar Jeremic,https://www.eng.mcmaster.ca//app/uploads/2024/01/EE_3TP3-Course-Outline-Fall-2026-C01-C02.pdf,https://www.eng.mcmaster.ca/ece/courses/,False
ELECENG 3TQ3,Advanced Probability and Random Processes,ELECENG,found,official_department,engineering_electrical_computer,2026,fall,Tim Field; Thia (Kiruba) Kirubarajan,https://www.eng.mcmaster.ca//app/uploads/2024/01/ELECENG-3TQ3-Course-Outline-2025-C02.pdf,https://www.eng.mcmaster.ca/ece/courses/,False
ELECENG 4CL4,Control System Design,ELECENG,found,official_department,engineering_electrical_computer,2026,fall,Thia (Kiruba) Kirubarajan,https://www.eng.mcmaster.ca//app/uploads/2024/01/ELEC-ENG-4CL4-Course-Outline-2025.pdf,https://www.eng.mcmaster.ca/ece/courses/,False
ELECENG 4EK4,Microelectronics,ELECENG,found,official_department,engineering_electrical_computer,2026,fall,Jamal Deen,https://www.eng.mcmaster.ca//app/uploads/2024/01/ElecEng_4EK4-Fall-2026-Course-Outline.pdf,https://www.eng.mcmaster.ca/ece/courses/,False
ELECENG 4FJ4,Devices and Antennas for Wireless Systems,ELECENG,found,simple_syllabus,McMaster Simple Syllabus,2026,fall,Natalia K. Nikolova,https://mcmaster.simplesyllabusca.com/doc/46hduoiq9/Fall-2026-ELECENG-4FJ4-L03-TALIA-Devices-and-Antennas-for-Wireless-Systems?mode=view,https://mcmaster.simplesyllabusca.com/api2/doc-library-search,False
ELECENG 4OI6A,Engineering Design,ELECENG,found,official_department,engineering_electrical_computer,2026,fall,Shahram Shirani; Jennifer Bauman,https://www.eng.mcmaster.ca//app/uploads/2024/01/EE_4OI6_outline_2026-27.pdf,https://www.eng.mcmaster.ca/ece/courses/,False
ELECENG 4OJ4,Research Project,ELECENG,missing,,,,,,,,False
ELECENG 4PK4,Power Electronics,ELECENG,missing,,,,,,,,False
ENGINEER 1EE0,Introduction to Career Planning & Employment,ENGINEER,missing,,,,,,,,False
ENGINEER 1P13A,Integrated Cornerstone Design Projects in Engineering,ENGINEER,missing,,,,,,,,False
ENGINEER 2EC0,Engineering Work Term,ENGINEER,missing,,,,,,,,False
ENGINEER 3IC0,Full-Time Internship for International Students,ENGINEER,missing,,,,,,,,False
ENGINEER 4A03,"Ethics, Equity and Law in Engineering",ENGINEER,missing,,,,,,,,False
ENGINEER 4EX3A,Experiential Engineering Design,ENGINEER,missing,,,,,,,,False
ENGNMGT 2AA3,Communication Skills,ENGNMGT,missing,,,,,,,,False
ENGNMGT 4A03,Innovation Driven Project Development and Management,ENGNMGT,missing,,,,,,,,False
ENGNMGT 5B03,Engineering and Management Capstone,ENGNMGT,missing,,,,,,,,False
ENGPHYS 2CD4,Computational Mechanics: Dynamics,ENGPHYS,found,official_department,engineering_engineering_physics,,,Matthew Minnick,https://www.eng.mcmaster.ca//app/uploads/2024/01/EP2CD4-Course-Outline_2026.06.30.pdf,https://www.eng.mcmaster.ca/engphys/courses/,True
ENGPHYS 2E04,Analog and Digital Circuits,ENGPHYS,found,official_department,engineering_engineering_physics,,,Jonathan Bradley,https://www.eng.mcmaster.ca//app/uploads/2024/01/ENGPHYS-2E04-Course-Outline-Fall-2026.pdf,https://www.eng.mcmaster.ca/engphys/courses/,True
ENGPHYS 2NE3,Thermal Systems Design,ENGPHYS,found,simple_syllabus,McMaster Simple Syllabus,2026,fall,Peter Mascher,https://mcmaster.simplesyllabusca.com/doc/g0608harv/Fall-2026-ENGPHYS-2NE3-C01-MASCHER-Thermal-Systems-Design?mode=view,https://mcmaster.simplesyllabusca.com/api2/doc-library-search,False
ENGPHYS 2NM4,Numerical Methods for Engineering,ENGPHYS,found,simple_syllabus,McMaster Simple Syllabus,2026,fall,Michael Welland,https://mcmaster.simplesyllabusca.com/doc/4xmglz21u/Fall-2026-ENGPHYS-2NM4-C01-WELLANDM-Numerical-Methods-for-Engineering?mode=view,https://mcmaster.simplesyllabusca.com/api2/doc-library-search,False
ENGPHYS 3BA3,Circuits with Non-Linear and Active Components,ENGPHYS,found,official_department,engineering_engineering_physics,,,Adriaan Buijs,https://www.eng.mcmaster.ca//app/uploads/2024/01/EP3BA3-CourseOutline-2026-v0.pdf,https://www.eng.mcmaster.ca/engphys/courses/,True
ENGPHYS 3ES3,Introduction to Energy Systems,ENGPHYS,found,official_department,engineering_engineering_physics,,,,https://www.eng.mcmaster.ca//app/uploads/2024/01/Course-Outline-ENG-PHYS-3ES3-Introduction-to-Energy-Systems_v1_UG_EngPhys_August-2025.pdf,https://www.eng.mcmaster.ca/engphys/courses/,True
ENGPHYS 3H04A,Research Project in Engineering Physics,ENGPHYS,missing,,,,,,,,False
ENGPHYS 3SP3,Space Systems Engineering,ENGPHYS,found,official_department,engineering_civil,,,,https://www.eng.mcmaster.ca//app/uploads/2024/01/ENGPHYS_3SP3_Course_Outline_UG_EngPhys_Fall_20250909.pdf,https://www.eng.mcmaster.ca/civil/courses/,True
ENGPHYS 3W03,Signals and Systems for Engineering,ENGPHYS,found,official_department,engineering_engineering_physics,,,Trevor Smith,https://www.eng.mcmaster.ca//app/uploads/2024/01/Course-Outline-3W03-2026-Fall.pdf,https://www.eng.mcmaster.ca/engphys/courses/,True
ENGPHYS 4A06A,Engineering Physics Design and Synthesis Project,ENGPHYS,found,official_department,engineering_engineering_physics,,,Adrian Kitai,https://www.eng.mcmaster.ca//app/uploads/2024/01/Course-Outline-4A06-2026-2027.pdf,https://www.eng.mcmaster.ca/engphys/courses/,True
ENGPHYS 4H04A,Research Project in Engineering Physics,ENGPHYS,found,official_department,engineering_engineering_physics,,,,https://www.eng.mcmaster.ca//app/uploads/2024/01/Course-Outline-3H04-and-4H04.pdf,https://www.eng.mcmaster.ca/engphys/courses/,True
ENGPHYS 4QC3,Introduction to Quantum Computing,ENGPHYS,found,official_department,engineering_engineering_physics,,,Ray LaPierre,https://www.eng.mcmaster.ca//app/uploads/2024/01/Course-Outline-4QC3-Fall-2026.pdf,https://www.eng.mcmaster.ca/engphys/courses/,True
ENGPHYS 4Z04,Semiconductor Manufacturing Technology,ENGPHYS,found,official_department,engineering_engineering_physics,,,Gitanjali Kolhatkar,https://www.eng.mcmaster.ca//app/uploads/2024/01/Course-Outline-4Z04-2026.pdf,https://www.eng.mcmaster.ca/engphys/courses/,True
ENGSOCTY 2X03,Inquiry in an Engineering Context I,ENGSOCTY,missing,,,,,,,,False
ENGSOCTY 3Y03,Technology and Society,ENGSOCTY,missing,,,,,,,,False
ENGSOCTY 3Z03,Preventive Engineering: Environmental Perspectives,ENGSOCTY,missing,,,,,,,,False
ENGSOCTY 4X03A,Inquiry in an Engineering Context III,ENGSOCTY,missing,,,,,,,,False
ENGSOCTY 4Y03,Society Capstone Design,ENGSOCTY,missing,,,,,,,,False
ENGTECH 1CH3,Chemistry,ENGTECH,found,official_department,engineering_technology,,,,https://www.eng.mcmaster.ca//app/uploads/2024/01/engtech_1ch3_-_fall_2021_course_outline_template.pdf,https://www.eng.mcmaster.ca/sept/courses/,True
ENGTECH 1CP3,C++ Programming,ENGTECH,found,official_department,engineering_technology,,,Nasim Muhammad,https://www.eng.mcmaster.ca//app/uploads/2024/01/engtech_1cp3_-_summer_2022.pdf,https://www.eng.mcmaster.ca/sept/courses/,True
ENGTECH 1ET0,Introduction to the Technology Co-op Program,ENGTECH,missing,,,,,,,,False
ENGTECH 1MC3,Mathematics I,ENGTECH,found,official_department,engineering_technology,,,,https://www.eng.mcmaster.ca//app/uploads/2024/01/engtech_1mc3_-_summer_2022.pdf,https://www.eng.mcmaster.ca/sept/courses/,True
ENGTECH 1PH3,Physics,ENGTECH,found,official_department,engineering_technology,,,,https://www.eng.mcmaster.ca//app/uploads/2024/01/engtech_1ph3_-_fall_2022.pdf,https://www.eng.mcmaster.ca/sept/courses/,True
ENGTECH 1PP3,Programming Fundamentals,ENGTECH,found,official_department,engineering_technology,,,,https://www.eng.mcmaster.ca//app/uploads/2024/01/engtech_1pp3_fall2021.pdf,https://www.eng.mcmaster.ca/sept/courses/,True
ENGTECH 2EE0,Four Month Co-op Experience I,ENGTECH,missing,,,,,,,,False
ENGTECH 2ES3,Engineering Statistics,ENGTECH,found,official_department,engineering_technology,,,,https://www.eng.mcmaster.ca//app/uploads/2024/01/engtech_2es3_-_summer_2022.pdf,https://www.eng.mcmaster.ca/sept/courses/,True
ENGTECH 2ET0,Four Month Co-op Experience I,ENGTECH,missing,,,,,,,,False
ENGTECH 2MA3,Mathematics III,ENGTECH,found,official_department,engineering_technology,,,,https://www.eng.mcmaster.ca//app/uploads/2024/01/ENGTECH-2MA3-Fall-2023.pdf,https://www.eng.mcmaster.ca/sept/courses/,True
ENGTECH 3DM3,Discrete Mathematics,ENGTECH,found,official_department,engineering_technology,,,,https://www.eng.mcmaster.ca//app/uploads/2024/01/engtech_3dm3_-_winter_2022.pdf,https://www.eng.mcmaster.ca/sept/courses/,True
ENGTECH 3EE0,Four Month Co-op Experience II,ENGTECH,missing,,,,,,,,False
ENGTECH 3ES3,Engineering Statistics,ENGTECH,found,official_department,engineering_technology,,,,https://www.eng.mcmaster.ca//app/uploads/2024/01/ENGTECH-3ES3-Fall-2023.pdf,https://www.eng.mcmaster.ca/sept/courses/,True
ENGTECH 3ET0,Four Month Co-op Experience II,ENGTECH,missing,,,,,,,,False
ENGTECH 3FE3,Finite Element Analysis,ENGTECH,found,official_department,engineering_technology,,,"Seshasai Srinivasan, P.Eng.",https://www.eng.mcmaster.ca//app/uploads/2024/01/engtech_3fe3-course_outline.pdf,https://www.eng.mcmaster.ca/sept/courses/,True
ENGTECH 3MA3,Mathematics V,ENGTECH,missing,,,,,,,,False
ENGTECH 3ML3,Strength of Materials,ENGTECH,found,official_department,engineering_technology,,,,https://www.eng.mcmaster.ca//app/uploads/2024/01/engtech_3ml3_-_winter_2022.pdf,https://www.eng.mcmaster.ca/sept/courses/,True
ENGTECH 3SD3,Statics and Dynamics,ENGTECH,found,official_department,engineering_technology,,,,https://www.eng.mcmaster.ca//app/uploads/2024/01/engtech_3sd3_-_summer_2022.pdf,https://www.eng.mcmaster.ca/sept/courses/,True
ENGTECH 3SP3,Structure and Properties of Materials,ENGTECH,found,official_department,engineering_technology,,,,https://www.eng.mcmaster.ca//app/uploads/2024/01/engtech_3sp3_-_summer_2022.pdf,https://www.eng.mcmaster.ca/sept/courses/,True
ENGTECH 3ST3,Probability and Statistics,ENGTECH,found,official_department,engineering_technology,,,,https://www.eng.mcmaster.ca//app/uploads/2024/01/engtech_3st3_-_summer_2022.pdf,https://www.eng.mcmaster.ca/sept/courses/,True
ENGTECH 3TD3,Thermodynamics,ENGTECH,found,official_department,engineering_technology,,,,https://www.eng.mcmaster.ca//app/uploads/2024/01/engtech_3td3_-_summer_2022.pdf,https://www.eng.mcmaster.ca/sept/courses/,True
ENGTECH 4AI3,Artificial Intelligence,ENGTECH,found,official_department,engineering_technology,,,,https://www.eng.mcmaster.ca//app/uploads/2024/05/ENGTECH-4AI3-C01-Winter-2024.pdf,https://www.eng.mcmaster.ca/sept/courses/,True
ENGTECH 4CT3,Systems and Control,ENGTECH,found,official_department,engineering_technology,,,,https://www.eng.mcmaster.ca//app/uploads/2024/01/engtech_4ct3_-_winter_2022.pdf,https://www.eng.mcmaster.ca/sept/courses/,True
ENGTECH 4EE0,Four Month Co-op Experience III,ENGTECH,missing,,,,,,,,False
ENGTECH 4FD3,Senior Engineering Project,ENGTECH,found,official_department,engineering_technology,,,"Seshasai Srinivasan, P.Eng.",https://www.eng.mcmaster.ca//app/uploads/2024/01/engtech_4fd3_-_winter_2022.pdf,https://www.eng.mcmaster.ca/sept/courses/,True
ENGTECH 4MA3,Advanced Mathematics,ENGTECH,found,official_department,engineering_technology,,,,https://www.eng.mcmaster.ca//app/uploads/2024/01/engtech_4ma3_course_outline_fall_2021.pdf,https://www.eng.mcmaster.ca/sept/courses/,True
ENGTECH 4TF3,Mechanics of Fluids,ENGTECH,missing,,,,,,,,False
ENRTECH 3EM3,Transmission Lines and Electromagnetics,ENRTECH,missing,,,,,,,,False
ENRTECH 3EP3,Power Systems and Electrical Machines,ENRTECH,found,official_department,engineering_technology,,,"Chi Tang, P.Eng.",https://www.eng.mcmaster.ca//app/uploads/2024/01/ENRTECH-3EP3-Fall-2023.pdf,https://www.eng.mcmaster.ca/sept/courses/,True
ENRTECH 3MI3,Measurements and Instrumentation,ENRTECH,found,official_department,engineering_technology,,,,https://www.eng.mcmaster.ca//app/uploads/2024/01/ENRTECH-3MI3-Fall-2023.pdf,https://www.eng.mcmaster.ca/sept/courses/,True
ENRTECH 4CA3,Computer Applications in Power System Engineering,ENRTECH,found,official_department,engineering_technology,,,,https://www.eng.mcmaster.ca//app/uploads/2024/01/ENRTECH-4CA3-Fall-2023.pdf,https://www.eng.mcmaster.ca/sept/courses/,True
ENRTECH 4PD3,Power System Analysis and Control,ENRTECH,found,official_department,engineering_technology,,,"Chi Tang, P.Eng.",https://www.eng.mcmaster.ca//app/uploads/2024/01/ENRTECH-4PD3-Fall-2023.pdf,https://www.eng.mcmaster.ca/sept/courses/,True
ENRTECH 4PM3,Power Protection and Maintenance I,ENRTECH,found,official_department,engineering_technology,,,"Chi Tang, P.Eng.",https://www.eng.mcmaster.ca//app/uploads/2024/01/ENRTECH-4PM3-Fall-2023-2.pdf,https://www.eng.mcmaster.ca/sept/courses/,True
ENRTECH 4RG3,Renewable Generation,ENRTECH,found,official_department,engineering_technology,,,,https://www.eng.mcmaster.ca//app/uploads/2024/01/ENRTECH-4RG3-Fall-2023.pdf,https://www.eng.mcmaster.ca/sept/courses/,True
EPHYSBME 5P06A,Integrated Engineering Physics & Biomedical Engineering Capstone Design Project,EPHYSBME,missing,,,,,,,,False
GENTECH 1PC3,Professional Communications,GENTECH,found,official_department,engineering_technology,,,,https://www.eng.mcmaster.ca//app/uploads/2024/01/GENTECH-1PC3-Fall-2023.pdf,https://www.eng.mcmaster.ca/sept/courses/,True
GENTECH 2MP3,Management Principles,GENTECH,found,official_department,engineering_technology,,,"Hoda Kamel, P.Eng.",https://www.eng.mcmaster.ca//app/uploads/2024/01/GENTECH-2MP3-Fall-2023.pdf,https://www.eng.mcmaster.ca/sept/courses/,True
GENTECH 3EE3,Engineering Economics,GENTECH,found,official_department,engineering_technology,,,,https://www.eng.mcmaster.ca//app/uploads/2024/01/GENTECH-3EE3-Winter-2024.pdf,https://www.eng.mcmaster.ca/sept/courses/,True
GENTECH 3FF3,Financial Systems,GENTECH,found,official_department,engineering_technology,,,,https://www.eng.mcmaster.ca//app/uploads/2024/01/GENTECH-3FF3-Fall-2023.pdf,https://www.eng.mcmaster.ca/sept/courses/,True
GENTECH 3FS3,Financial Systems,GENTECH,found,official_department,engineering_technology,,,,https://www.eng.mcmaster.ca//app/uploads/2024/01/GENTECH-3FS3-Winter-2024.pdf,https://www.eng.mcmaster.ca/sept/courses/,True
GENTECH 3LS3,Quality Control and Assurance Methods,GENTECH,found,official_department,engineering_technology,,,,https://www.eng.mcmaster.ca//app/uploads/2024/06/GENTECH-3LS3-Fall-2023.pdf,https://www.eng.mcmaster.ca/sept/courses/,True
GENTECH 3MB3,Fundamentals of Marketing,GENTECH,found,official_department,engineering_technology,,,,https://www.eng.mcmaster.ca//app/uploads/2024/01/GENTECH-3MB3-Fall-2023.pdf,https://www.eng.mcmaster.ca/sept/courses/,True
GENTECH 3MP3,Management Principles,GENTECH,found,official_department,engineering_technology,,,,https://www.eng.mcmaster.ca//app/uploads/2024/01/GENTECH-3MP3-C01-Winter.pdf,https://www.eng.mcmaster.ca/sept/courses/,True
GENTECH 3MT3,Project Management,GENTECH,found,official_department,engineering_technology,,,,https://www.eng.mcmaster.ca//app/uploads/2024/01/GENTECH-3MT3-Fall-2023.pdf,https://www.eng.mcmaster.ca/sept/courses/,True
GENTECH 4EM3,Legal and Regulatory Issues,GENTECH,found,official_department,engineering_technology,,,,https://www.eng.mcmaster.ca//app/uploads/2024/01/GENTECH-4EM3-Winter-2024.pdf,https://www.eng.mcmaster.ca/sept/courses/,True
GENTECH 4EN3,Entrepreneurial Thinking and Innovation,GENTECH,found,official_department,engineering_technology,,,,https://www.eng.mcmaster.ca//app/uploads/2024/01/GENTECH-SFGNTECH-4EN3-Fall-2023.pdf,https://www.eng.mcmaster.ca/sept/courses/,True
GENTECH 4FT3,Strategic Management,GENTECH,found,official_department,engineering_technology,,,Allan MacKenzie,https://www.eng.mcmaster.ca//app/uploads/2024/01/GENTECH-4FT3-Fall-2023.pdf,https://www.eng.mcmaster.ca/sept/courses/,True
GENTECH 4MO3,Operations Management,GENTECH,missing,,,,,,,,False
GENTECH 4PM3,Project Management,GENTECH,found,official_department,engineering_technology,,,,https://www.eng.mcmaster.ca//app/uploads/2024/01/GENTECH_SFGNTECH-4PM3-C01-Winter-2024.pdf,https://www.eng.mcmaster.ca/sept/courses/,True
GENTECH 4SE3,Technology Ethics and Sustainability,GENTECH,found,official_department,engineering_technology,,,,https://www.eng.mcmaster.ca//app/uploads/2024/01/GENTECH-SFGNTECH-4SE3-Winter-2024-Wednesday.pdf,https://www.eng.mcmaster.ca/sept/courses/,True
GENTECH 4TC3,Technical Communications,GENTECH,found,official_department,engineering_technology,,,,https://www.eng.mcmaster.ca//app/uploads/2024/01/GENTECH-SFGNTECH-4TC3-Fall-2023.pdf,https://www.eng.mcmaster.ca/sept/courses/,True
GENTECH 4TE3,Technology Ethics and Sustainability,GENTECH,found,official_department,engineering_technology,,,,https://www.eng.mcmaster.ca//app/uploads/2024/01/GENTECH-4TE3-Fall-2023.pdf,https://www.eng.mcmaster.ca/sept/courses/,True
IBEHS 1EE0,Introduction to Career Planning & Employment,IBEHS,missing,,,,,,,,False
IBEHS 1EP6A,Entrepreneurship in Biomedical Innovation: From Bench to Market,IBEHS,missing,,,,,,,,False
IBEHS 1P10A,Health Solutions Design Projects I: Introduction to Engineering Fundamentals and Design,IBEHS,found,official_department,engineering_ibiomed,,,Colin McDonald,https://www.eng.mcmaster.ca//app/uploads/2024/01/1a-1P10-Course-Outline-2025-26-for-posting.pdf,https://www.eng.mcmaster.ca/ibiomed/courses/,True
IBEHS 2EC0,iBioMed Work Term,IBEHS,missing,,,,,,,,False
IBEHS 2EH3,Innovating Care: Navigating Canada's Healthcare System,IBEHS,found,official_department,engineering_ibiomed,,,,https://www.eng.mcmaster.ca//app/uploads/2026/08/IBEHS-2EH3-Innovating-Care-Navigating-Canadas-Healthcare-System-Course-Outline-Fall-2026.pdf,https://www.eng.mcmaster.ca/ibiomed/courses/,True
IBEHS 2L01,Foundations of Effective Leadership in Engineering and Healthcare 1,IBEHS,missing,,,,,,,,False
IBEHS 2PA2,Health Solutions Design Projects II-A: Lab Skills in Genetic Engineering,IBEHS,found,official_department,engineering_ibiomed,,,Vince Leung,https://www.eng.mcmaster.ca//app/uploads/2024/01/IBEHS-2PA2-Course-Outline-2025.pdf,https://www.eng.mcmaster.ca/ibiomed/courses/,True
IBEHS 3A03,Biomedical Signals and Systems,IBEHS,found,official_department,engineering_ibiomed,,,Ian Bruce,https://www.eng.mcmaster.ca//app/uploads/2024/01/IBEHS3A03_2025_Course_Outline-1.pdf,https://www.eng.mcmaster.ca/ibiomed/courses/,True
IBEHS 3E03,Fundamentals of Business Strategy,IBEHS,found,official_department,engineering_ibiomed,,,Kenneth Owen,https://www.eng.mcmaster.ca//app/uploads/2024/01/IBEHS-3E03-Fall-2025.pdf,https://www.eng.mcmaster.ca/ibiomed/courses/,True
IBEHS 3H03,Research Project,IBEHS,found,official_department,engineering_ibiomed,,,,https://www.eng.mcmaster.ca//app/uploads/2026/07/2026-27-IBEHS-3H03-3I06-4H03-Course-Outline.pdf,https://www.eng.mcmaster.ca/ibiomed/courses/,True
IBEHS 3I06A,Research Project,IBEHS,missing,,,,,,,,False
IBEHS 3S03,Statistical Methods in Biomedical Engineering,IBEHS,found,official_department,engineering_ibiomed,,,Carol Walker Bassim,https://www.eng.mcmaster.ca//app/uploads/2024/03/iBioMed-Course-Outline-Template-AODA-compliant_3S03_Winter2026.pdf,https://www.eng.mcmaster.ca/ibiomed/courses/,True
IBEHS 4B03,Biomechanics,IBEHS,found,official_department,engineering_ibiomed,2026,fall,Gregory R. Wohl,https://www.eng.mcmaster.ca//app/uploads/2026/08/IBEHS-4B03-ME-4BB3-course-outline-2026-27-2026-08-17.pdf,https://www.eng.mcmaster.ca/ibiomed/courses/,False
IBEHS 4E09A,"Health, Engineering Science and Entrepreneurship Thesis",IBEHS,found,official_department,engineering_ibiomed,,,Michelle MacDonald,https://www.eng.mcmaster.ca//app/uploads/2024/08/Early-Assessment-Form-V2.pdf,https://www.eng.mcmaster.ca/ibiomed/courses/,True
IBEHS 4EE6A,Innovators in Scrubs,IBEHS,missing,,,,,,,,False
IBEHS 4F04,Biomedical Instrumentation and Measurement,IBEHS,found,simple_syllabus,McMaster Simple Syllabus,2026,fall,Jonathon White,https://mcmaster.simplesyllabusca.com/doc/5ol4snqlx/Fall-2026-IBEHS-4F04-T01-WHITEJ51-Biomedical-Instrumentation-and-Measurement?mode=view,https://mcmaster.simplesyllabusca.com/api2/doc-library-search,False
IBEHS 4H03,Research Project,IBEHS,found,official_department,engineering_ibiomed,,,,https://www.eng.mcmaster.ca//app/uploads/2026/07/2026-27-IBEHS-3H03-3I06-4H03-Course-Outline.pdf,https://www.eng.mcmaster.ca/ibiomed/courses/,True
IBEHS 4M03,Biomaterials and Tissue Engineering,IBEHS,found,official_department,engineering_ibiomed,,,,https://www.eng.mcmaster.ca//app/uploads/2024/03/IBEHS-4M03-Course-Syllabus-2025.pdf,https://www.eng.mcmaster.ca/ibiomed/courses/,True
IBEHS 4P03,Health Solutions Design Projects IV: Decision Making and Project Management,IBEHS,found,official_department,engineering_ibiomed,,,"Fei Geng, LEL.",https://www.eng.mcmaster.ca//app/uploads/2024/01/IBEHS-4P03-Course-Outline-Fall-2025.pdf,https://www.eng.mcmaster.ca/ibiomed/courses/,True
IBEHS 4QZ3,Cyber-Physical Systems in Biomedical Engineering,IBEHS,found,official_department,engineering_ibiomed,2026,fall,Kanwarpal Singh,https://www.eng.mcmaster.ca//app/uploads/2024/01/IBEHS_204QZ3_20Course_20Outline_20F2025_20-_20Public_20Posting_20Sept_201-1.pdf,https://www.eng.mcmaster.ca/ibiomed/courses/,False
IBEHS 5P06A,Biomedical Capstone Design Project,IBEHS,found,official_department,engineering_ibiomed,,,,https://www.eng.mcmaster.ca//app/uploads/2024/01/1-IBEHS-5P06-Course-Outline-2025.pdf,https://www.eng.mcmaster.ca/ibiomed/courses/,True
INTENG 2A03S,International Engagement at Home,INTENG,missing,,,,,,,,False
INTENG 3A03,International Engagement Capstone,INTENG,missing,,,,,,,,False
MANTECH 3MF3,Micro Manufacturing and Fabrication,MANTECH,found,official_department,engineering_technology,,,,https://www.eng.mcmaster.ca//app/uploads/2024/01/mech_eng_3c03_mantech_3mf3_course_outline_w2020.pdf,https://www.eng.mcmaster.ca/sept/courses/,True
MANTECH 4MM3,Design and Manufacturing of Machine Elements,MANTECH,found,official_department,engineering_technology,,,,https://www.eng.mcmaster.ca//app/uploads/2024/01/mantech_4mm3_fall_2021_course_outline_final.pdf,https://www.eng.mcmaster.ca/sept/courses/,True
MANTECH 4PM3,Production Management,MANTECH,found,official_department,engineering_technology,,,,https://www.eng.mcmaster.ca//app/uploads/2024/01/mantech_4pm3_fall_2021.pdf,https://www.eng.mcmaster.ca/sept/courses/,True
MATH 1A03,Calculus For Science I,MATH,missing,,,,,,,,False
MATH 1AA3,Calculus For Science II,MATH,missing,,,,,,,,False
MATH 1B03,Linear Algebra I,MATH,found,simple_syllabus,McMaster Simple Syllabus,2026,fall,(C02) Erin Clements,https://mcmaster.simplesyllabusca.com/doc/l42gfm2l4/Fall-2026-MATH-1B03-C02-CLEMENE-Linear-Algebra-I?mode=view,https://mcmaster.simplesyllabusca.com/api2/doc-library-search,False
MATH 1C03,Introduction to Mathematical Reasoning,MATH,found,simple_syllabus,McMaster Simple Syllabus,2026,fall,Dr. Gregory Cousins,https://mcmaster.simplesyllabusca.com/doc/5k1lfhkfu/Fall-2026-MATH-1C03-C01-COUSINGD-Introduction-to-Mathematical-Reasoning?mode=view,https://mcmaster.simplesyllabusca.com/api2/doc-library-search,False
MATH 1F03,Introduction to Calculus and Analytic Geometry,MATH,missing,,,,,,,,False
MATH 1K03,Advanced Functions,MATH,found,simple_syllabus,McMaster Simple Syllabus,2026,fall,Evan Mitchell,https://mcmaster.simplesyllabusca.com/doc/70xrspzif/Fall-2026-MATH-1K03-C01-MITCHEEJ-Advanced-Functions?mode=view,https://mcmaster.simplesyllabusca.com/api2/doc-library-search,False
MATH 1LS3,Calculus for the Life Sciences I,MATH,found,simple_syllabus,McMaster Simple Syllabus,2026,fall,Caroline Junkins (C01 and C03),https://mcmaster.simplesyllabusca.com/doc/x0tir7he9/Fall-2026-MATH-1LS3-C01-JUNKINC-Calculus-for-the-Life-Sciences-I?mode=view,https://mcmaster.simplesyllabusca.com/api2/doc-library-search,False
MATH 1MP3,Introduction to Mathematical Scientific Computation,MATH,found,simple_syllabus,McMaster Simple Syllabus,2026,fall,Blaise Bourdin,https://mcmaster.simplesyllabusca.com/doc/xbss8z134/Fall-2026-MATH-1MP3-C01-BOURDINB-Introduction-to-Mathematical-Scientific-Computation?mode=view,https://mcmaster.simplesyllabusca.com/api2/doc-library-search,False
MATH 1X03,Calculus for Math and Stats I,MATH,missing,,,,,,,,False
MATH 1ZA3,Engineering Mathematics I,MATH,found,simple_syllabus,McMaster Simple Syllabus,2026,fall,Aaron Childs,https://mcmaster.simplesyllabusca.com/doc/zvlzjwwlc/Fall-2026-MATH-1ZA3-C01-CHILDSA-Engineering-Mathematics-I?mode=view,https://mcmaster.simplesyllabusca.com/api2/doc-library-search,False
MATH 1ZC3,Engineering Mathematics II-B,MATH,found,simple_syllabus,McMaster Simple Syllabus,2026,fall,Christopher Mclean,https://mcmaster.simplesyllabusca.com/doc/e3bh8ra6x/Fall-2026-MATH-1ZC3-C01-MCLEAC3-Engineering-Mathematics-II-B?mode=view,https://mcmaster.simplesyllabusca.com/api2/doc-library-search,False
MATH 2C03,Introduction to Differential Equations,MATH,found,simple_syllabus,McMaster Simple Syllabus,2026,fall,Professor David Earn,https://mcmaster.simplesyllabusca.com/doc/ugyvtxsi1/Fall-2026-MATH-2C03-C01-EARN-Introduction-to-Differential-Equations?mode=view,https://mcmaster.simplesyllabusca.com/api2/doc-library-search,False
MATH 2FM3,Introduction To Mathematical Finance,MATH,missing,,,,,,,,False
MATH 2LA3,Applications of Linear Algebra,MATH,missing,,,,,,,,False
MATH 2MC3,Multivariable Calculus,MATH,found,simple_syllabus,McMaster Simple Syllabus,2026,fall,Evan Mitchell,https://mcmaster.simplesyllabusca.com/doc/cdtx8xu3y/Fall-2026-MATH-2MC3-C01-MITCHEEJ-Multivariable-Calculus?mode=view,https://mcmaster.simplesyllabusca.com/api2/doc-library-search,False
MATH 2UU3,Numbers for Life,MATH,found,simple_syllabus,McMaster Simple Syllabus,2026,fall,Miroslav Lovric,https://mcmaster.simplesyllabusca.com/doc/smsmz47lz/Fall-2026-MATH-2UU3-C01-LOVRIC-Numbers-for-Life?mode=view,https://mcmaster.simplesyllabusca.com/api2/doc-library-search,False
MATH 2XA3,Vector Calculus I,MATH,found,simple_syllabus,McMaster Simple Syllabus,2026,fall,Patrick Naylor,https://mcmaster.simplesyllabusca.com/doc/mpq5l1rkt/Fall-2026-MATH-2XA3-C01-NAYLOP1-Vector-Calculus-I?mode=view,https://mcmaster.simplesyllabusca.com/api2/doc-library-search,False
MATH 2Z03,Engineering Mathematics III,MATH,found,official_department,engineering_engineering_physics,,,,https://www.eng.mcmaster.ca//app/uploads/2024/01/Course-Outline-Winter-2025.pdf,https://www.eng.mcmaster.ca/engphys/courses/,True
MATH 3B03,Geometry,MATH,found,simple_syllabus,McMaster Simple Syllabus,2026,fall,Hari Kunduri,https://mcmaster.simplesyllabusca.com/doc/locqs9qrf/Fall-2026-MATH-3B03-C01-KUNDURIH-Geometry?mode=view,https://mcmaster.simplesyllabusca.com/api2/doc-library-search,False
MATH 3C03,Mathematical Physics I,MATH,missing,,,,,,,,False
MATH 3CV3,Basic Complex Variables,MATH,found,simple_syllabus,McMaster Simple Syllabus,2026,fall,Gregory Cousins,https://mcmaster.simplesyllabusca.com/doc/uunpqmkef/Fall-2026-MATH-3CV3-C01-COUSINGD-Basic-Complex-Variables?mode=view,https://mcmaster.simplesyllabusca.com/api2/doc-library-search,False
MATH 3ET3A,Mathematics Teaching Placement,MATH,found,simple_syllabus,McMaster Simple Syllabus,2026,fall,Students are required to find a faculty supervisor and placement supervisor.,https://mcmaster.simplesyllabusca.com/doc/yzy1ihj3r/Fall-2026-MATH-3ET3A-C01-TBD-Mathematics-Teaching-Placement?mode=view,https://mcmaster.simplesyllabusca.com/api2/doc-library-search,False
MATH 3ET3S,Mathematics Teaching Placement,MATH,found,simple_syllabus,McMaster Simple Syllabus,2026,fall,Students are required to find a faculty supervisor and placement supervisor.,https://mcmaster.simplesyllabusca.com/doc/2ecs37i7e/Fall-2026-MATH-3ET3S-C01-TBD-Mathematics-Teaching-Placement?mode=view,https://mcmaster.simplesyllabusca.com/api2/doc-library-search,False
MATH 3F03,Ordinary Differential Equations,MATH,found,simple_syllabus,McMaster Simple Syllabus,2026,fall,Professor Gail Wolkowicz,https://mcmaster.simplesyllabusca.com/doc/gk8908t8o/Fall-2026-MATH-3F03-C01-WOLKOWIC-Ordinary-Differential-Equations?mode=view,https://mcmaster.simplesyllabusca.com/api2/doc-library-search,False
MATH 3FM3,Mathematics of Finance,MATH,missing,,,,,,,,False
MATH 3GR3,Abstract Algebra,MATH,found,simple_syllabus,McMaster Simple Syllabus,2026,fall,Adam Van Tuyl,https://mcmaster.simplesyllabusca.com/doc/efofzv5uq/Fall-2026-MATH-3GR3-C01-VANTUYLA-Abstract-Algebra?mode=view,https://mcmaster.simplesyllabusca.com/api2/doc-library-search,False
MATH 3I03,Partial Differential Equations for Engineering,MATH,found,simple_syllabus,McMaster Simple Syllabus,2026,fall,Dmitry E Pelinovsky,https://mcmaster.simplesyllabusca.com/doc/iuce71z6x/Fall-2026-MATH-3I03-C01-PELINOD-Partial-Differential-Equations-for-Engineering?mode=view,https://mcmaster.simplesyllabusca.com/api2/doc-library-search,False
MATH 3IA3,Introduction to Analysis,MATH,found,simple_syllabus,McMaster Simple Syllabus,2026,fall,Miroslav Lovric,https://mcmaster.simplesyllabusca.com/doc/w982zy9na/Fall-2026-MATH-3IA3-C01-LOVRIC-Introduction-to-Analysis?mode=view,https://mcmaster.simplesyllabusca.com/api2/doc-library-search,False
MATH 3MB3,Introduction to Modelling,MATH,found,simple_syllabus,McMaster Simple Syllabus,2026,fall,Azadeh Aghaeeyan,https://mcmaster.simplesyllabusca.com/doc/5z7qsemu8/Fall-2026-MATH-3MB3-C01-AGHAEEYA-Introduction-to-Modelling?mode=view,https://mcmaster.simplesyllabusca.com/api2/doc-library-search,False
MATH 3NA3,Numerical Linear Algebra,MATH,found,simple_syllabus,McMaster Simple Syllabus,2026,fall,Chengzhang Fu,https://mcmaster.simplesyllabusca.com/doc/r3gphx0bn/Fall-2026-MATH-3NA3-C01-FUC49-Numerical-Linear-Algebra?mode=view,https://mcmaster.simplesyllabusca.com/api2/doc-library-search,False
MATH 3T03,Inquiry in Topology,MATH,missing,,,,,,,,False
MATH 3U03,Combinatorics,MATH,found,simple_syllabus,McMaster Simple Syllabus,2026,fall,Lisa Seccia,https://mcmaster.simplesyllabusca.com/doc/v0g5ws95v/Fall-2026-MATH-3U03-C01-SECCIAL-Combinatorics?mode=view,https://mcmaster.simplesyllabusca.com/api2/doc-library-search,False
MATH 4A03,Real Analysis II,MATH,found,simple_syllabus,McMaster Simple Syllabus,2026,fall,Patrick Speissegger,https://mcmaster.simplesyllabusca.com/doc/i341xyu1n/Fall-2026-MATH-4A03-C01-SPEISSE-Real-Analysis-II?mode=view,https://mcmaster.simplesyllabusca.com/api2/doc-library-search,False
MATH 4AI3,Mathematical Foundations of Artificial Intelligence,MATH,missing,,,,,,,,False
MATH 4L03,Introduction to Mathematical Logic,MATH,found,simple_syllabus,McMaster Simple Syllabus,2026,fall,Matthew Anthony Valeriote,https://mcmaster.simplesyllabusca.com/doc/3ylql4vg7/Fall-2026-MATH-4L03-C01-VALERIOT-Introduction-to-Mathematical-Logic?mode=view,https://mcmaster.simplesyllabusca.com/api2/doc-library-search,False
MATH 4MB3,Mathematical Biology,MATH,found,simple_syllabus,McMaster Simple Syllabus,2026,fall,Professor David Earn,https://mcmaster.simplesyllabusca.com/doc/j5iehfhk9/Fall-2026-MATH-4MB3-C01-EARN-Mathematical-Biology?mode=view,https://mcmaster.simplesyllabusca.com/api2/doc-library-search,False
MATH 4P06A,Senior Research Project,MATH,found,simple_syllabus,McMaster Simple Syllabus,2026,fall,A faculty member is required to supervise,https://mcmaster.simplesyllabusca.com/doc/t82nxropk/Fall-2026-MATH-4P06A-C01-TBD-Senior-Research-Project?mode=view,https://mcmaster.simplesyllabusca.com/api2/doc-library-search,False
MATH 4TT3,Topics in Topology,MATH,found,simple_syllabus,McMaster Simple Syllabus,2026,fall,Patrick Naylor,https://mcmaster.simplesyllabusca.com/doc/ryvxlf04e/Fall-2026-MATH-4TT3-C01-NAYLOP1-Topics-in-Topology?mode=view,https://mcmaster.simplesyllabusca.com/api2/doc-library-search,False
MATH 4W03,Reading in Mathematics,MATH,found,simple_syllabus,McMaster Simple Syllabus,2026,fall,Adam Van Tuyl,https://mcmaster.simplesyllabusca.com/doc/unym0ccdi/Fall-2026-MATH-4W03-C01-TBD-Reading-in-Mathematics?mode=view,https://mcmaster.simplesyllabusca.com/api2/doc-library-search,False
MATH 4WW3,Reading in Mathematics II,MATH,found,simple_syllabus,McMaster Simple Syllabus,2026,fall,Adam Van Tuyl,https://mcmaster.simplesyllabusca.com/doc/0scni8srg/Fall-2026-MATH-4WW3-C01-TBD-Reading-in-Mathematics-II?mode=view,https://mcmaster.simplesyllabusca.com/api2/doc-library-search,False
MATH 4X03,Complex Analysis II,MATH,found,simple_syllabus,McMaster Simple Syllabus,2026,fall,Mckenzie Wang,https://mcmaster.simplesyllabusca.com/doc/6kn2t2j1n/Fall-2026-MATH-4X03-C01-WANG-Complex-Analysis-II?mode=view,https://mcmaster.simplesyllabusca.com/api2/doc-library-search,False
MATH 5GT3,Graduate Level Topics in Mathematics,MATH,found,simple_syllabus,McMaster Simple Syllabus,2026,fall,Gregory Cousins; Instructor of Corresponding Graduate Course,https://mcmaster.simplesyllabusca.com/doc/dj4ojjdrn/Fall-2026-MATH-5GT3-C01-COUSINGD-Graduate-Level-Topics-in-Mathematics?mode=view | https://mcmaster.simplesyllabusca.com/doc/xypza954i/Fall-2026-MATH-5GT3-General-Outline-Graduate-Level-Topics-in-Mathematics?mode=view,https://mcmaster.simplesyllabusca.com/api2/doc-library-search,False
MATLS 2A04,Introduction to Materials Engineering,MATLS,missing,,,,,,,,False
MATLS 2B03,Introduction to the Thermodynamics of Materials,MATLS,missing,,,,,,,,False
MATLS 3J03,Statistical Methods for Materials Engineers,MATLS,missing,,,,,,,,False
MATLS 3TP4,Fundamentals of Transport Phenomena in Materials Engineering,MATLS,missing,,,,,,,,False
MATLS 4B03,Biomaterials and Tissue Engineering,MATLS,found,official_department,engineering_materials,,,Bryan Lee,https://www.eng.mcmaster.ca//app/uploads/2026/08/MATLS-4B03-Course-Syllabus-2026-2.pdf,https://www.eng.mcmaster.ca/materials/courses/,True
MATLS 4C03,Modern Iron and Steelmaking,MATLS,missing,,,,,,,,False
MATLS 4FF3,"Synthesis, Applications and Environmental Impact of Nanomaterials",MATLS,missing,,,,,,,,False
MATLS 4I03,Sustainable Manufacturing Processes,MATLS,missing,,,,,,,,False
MATLS 4K06A,Senior Research Project,MATLS,missing,,,,,,,,False
MATLS 4LB3,Synthesis and Characterization of Biomedical Coatings,MATLS,missing,,,,,,,,False
MATLS 4LS2,Physical Metallurgy of Steels,MATLS,missing,,,,,,,,False
MATLS 4MS4,Materials Selection in Design,MATLS,missing,,,,,,,,False
MATLS 4Z06A,Materials Engineering Capstone,MATLS,found,simple_syllabus,McMaster Simple Syllabus,2026,fall,Andre Phillion,https://mcmaster.simplesyllabusca.com/doc/c0vyg9kqj/Fall-2026-MATLS-4Z06A-C01-PHILLIAB-Materials-Engineering-Capstone?mode=view,https://mcmaster.simplesyllabusca.com/api2/doc-library-search,False
MATLSBME 5P06A,Integrated Materials & Biomedical Engineering Capstone Design Project,MATLSBME,missing,,,,,,,,False
MECHBME 5P06A,Integrated Mechanical & Biomedical Engineering Capstone Design Project,MECHBME,missing,,,,,,,,False
MECHENG 2C04,Mechanical Engineering Design Project I,MECHENG,found,official_department,engineering_mechanical,2026,fall,Elizabeth Hassan,https://www.eng.mcmaster.ca//app/uploads/2026/09/Course-outline-2026-2027-ME-2C04-HASSAN-2026-08-04.pdf,https://www.eng.mcmaster.ca/mech/courses/,False
MECHENG 2D03,Mechanical Engineering Design Elements,MECHENG,found,official_department,engineering_mechanical,2025,fall,Daniel Pinelli (pinelld@mcmaster.ca),https://www.eng.mcmaster.ca//app/uploads/2025/09/Course-Outline-2025-2026-ME-2D03-Pinelli-2025-09-12-Updated.pdf,https://www.eng.mcmaster.ca/mech/courses/,False
MECHENG 2DA3,Mechanical Engineering Design Elements,MECHENG,missing,,,,,,,,False
MECHENG 2P04,Statics and Mechanics of Materials,MECHENG,found,official_department,engineering_mechanical,2026,fall,Philip Koshy,https://www.eng.mcmaster.ca//app/uploads/2026/07/Course-Outline-2026-2027-ME-2P04-KOSHY-2026-07-29.pdf,https://www.eng.mcmaster.ca/mech/courses/,False
MECHENG 2Q04,Engineering Mechanics: Kinetics and Dynamics,MECHENG,found,official_department,engineering_mechanical,2025,fall,Eu-Gene Ng,https://www.eng.mcmaster.ca//app/uploads/2025/08/Course-Outline-2025-2026-ME-2Q04-NG-2025-08-25.pdf,https://www.eng.mcmaster.ca/mech/courses/,False
MECHENG 3C03,Manufacturing Engineering,MECHENG,found,official_department,engineering_mechanical,2026,fall,Maryam Aramesh,https://www.eng.mcmaster.ca//app/uploads/2026/09/Course-outline-2026-2027-ME-3C03-ARAMESH-2026-08-30.pdf,https://www.eng.mcmaster.ca/mech/courses/,False
MECHENG 3E03,Mechanical Engineering Design Theory,MECHENG,found,official_department,engineering_mechanical,2026,fall,Amir Partovi (partovia@mcmaster.ca),https://www.eng.mcmaster.ca//app/uploads/2026/09/Course-Outline-2026-2027-ME-3E03-PARTOVI-2026-08-21.pdf,https://www.eng.mcmaster.ca/mech/courses/,False
MECHENG 3M03A,Composite Laboratory I,MECHENG,missing,,,,,,,,False
MECHENG 3MA2,Composite Laboratory IA,MECHENG,found,official_department,engineering_mechanical,2026,fall,Chan Y. Ching,https://www.eng.mcmaster.ca//app/uploads/2026/09/Course-Outline-2026-2027-ME-3MA2-CHING-2026-08-27.pdf,https://www.eng.mcmaster.ca/mech/courses/,False
MECHENG 3O04,Fluid Mechanics,MECHENG,found,official_department,engineering_mechanical,2026,fall,Mohamed S. Hamed,https://www.eng.mcmaster.ca//app/uploads/2026/09/Course-Outline-2026-2027-ME-3O04-Hamed-2026-09-01.pdf,https://www.eng.mcmaster.ca/mech/courses/,False
MECHENG 4AI3,Applied Artificial Intelligence,MECHENG,found,official_department,engineering_mechanical,,,Ryan Ahmed,https://www.eng.mcmaster.ca//app/uploads/2024/08/Course-Outline-2024-2025-ME-4AI3-AHMED.pdf,https://www.eng.mcmaster.ca/mech/courses/,True
MECHENG 4BB3,Biomechanics,MECHENG,found,official_department,engineering_civil,2026,fall,Gregory R. Wohl,https://www.eng.mcmaster.ca//app/uploads/2026/08/IBEHS-4B03-ME-4BB3-course-outline-2026-27-2026-08-17.pdf,https://www.eng.mcmaster.ca/civil/courses/,False
MECHENG 4I03,Acoustics & Noise Control,MECHENG,found,official_department,engineering_mechanical,2026,fall,Simon Edwards (edwarsm2@mcmaster.ca),https://www.eng.mcmaster.ca//app/uploads/2026/09/Course-Outline-2026-2027-ME-4I03-EDWARDS.pdf,https://www.eng.mcmaster.ca/mech/courses/,False
MECHENG 4K03,Robotics,MECHENG,found,official_department,engineering_mechanical,2025,fall,Fengjun Yan,https://www.eng.mcmaster.ca//app/uploads/2025/08/Course-Outline-2025-26-ME-4K03-SICARD-2025-08-11.pdf,https://www.eng.mcmaster.ca/mech/courses/,False
MECHENG 4M06A,Mechanical Engineering Capstone Design Project,MECHENG,found,official_department,engineering_mechanical,2024,fall,John Colenbrander (colenbjw@mcmaster.ca),https://www.eng.mcmaster.ca//app/uploads/2024/08/Course-Outline-2024-2025-ME-4M06-BONE-2024-08-20.pdf,https://www.eng.mcmaster.ca/mech/courses/,False
MECHENG 4P03A,Composite Laboratory II,MECHENG,found,official_department,engineering_mechanical,2026,fall,Chan Y. Ching,https://www.eng.mcmaster.ca//app/uploads/2026/09/Course-Outline-2026-2027-ME-4P03-CHING-2026-08-27.pdf,https://www.eng.mcmaster.ca/mech/courses/,False
MECHENG 4Q03,Mechanical Vibrations,MECHENG,found,official_department,engineering_mechanical,2026,fall,Stephen C. Veldhuis,https://www.eng.mcmaster.ca//app/uploads/2026/09/Course-Outline-2026-2027-ME-4Q03-6Q03-Veldhuis-2026-09-04.pdf,https://www.eng.mcmaster.ca/mech/courses/,False
MECHENG 4S03,Incompressible Flow,MECHENG,found,simple_syllabus,McMaster Simple Syllabus,2026,fall,Shakirudeen Salaudeen,https://mcmaster.simplesyllabusca.com/doc/nmoe60mgq/Fall-2026-MECHENG-4S03-C01-SALAUDES-Incompressible-Flow?mode=view,https://mcmaster.simplesyllabusca.com/api2/doc-library-search,False
MECHENG 4SS3,Smart Systems,MECHENG,found,official_department,engineering_mechanical,2025,fall,Yuandi (Eddy) Wu (wuy187@mcmaster.ca),https://www.eng.mcmaster.ca//app/uploads/2025/08/Course-Outline-2025-ME-4SS3-GADSDEN-2025-07-03.pdf,https://www.eng.mcmaster.ca/mech/courses/,False
MECHENG 4T03,Finite Element Applications,MECHENG,found,official_department,engineering_mechanical,2024,fall,Peidong Wu,https://www.eng.mcmaster.ca//app/uploads/2024/12/Course-Outline-2024-2025-ME-4T03-6T03-Peidong-Wu-2024-12-03.pdf,https://www.eng.mcmaster.ca/mech/courses/,False
MECHENG 4U03,Compressible Flow and Turbomachinery,MECHENG,found,official_department,engineering_mechanical,2025,fall,Stephen Tullis,https://www.eng.mcmaster.ca//app/uploads/2025/08/Course-Outline-2025-2026-ME-4U03-6U03-TULLIS-2025-07-23.pdf,https://www.eng.mcmaster.ca/mech/courses/,False
MECHENG 4V03,Thermo-Fluids Systems Design and Analysis,MECHENG,found,official_department,engineering_mechanical,2026,fall,Chan Y. Ching,https://www.eng.mcmaster.ca//app/uploads/2026/09/Course-Outline-2026-2027-ME-4V03-CHING-2026-08-27.pdf,https://www.eng.mcmaster.ca/mech/courses/,False
MECHENG 4X04A,Independent Research Project,MECHENG,found,official_department,engineering_mechanical,2025,fall,Cheryl Quenneville,https://www.eng.mcmaster.ca//app/uploads/2025/09/Course-Outline-2025-2026-ME-4X04-6X04-QUENNEVILLE-2025-08-31.pdf,https://www.eng.mcmaster.ca/mech/courses/,False
MECHENG 4XA3,Independent Research Project,MECHENG,missing,,,,,,,,False
MECHENG 4Y03,Internal Combustion Engines,MECHENG,found,official_department,engineering_mechanical,2024,fall,Fengjun Yan,https://www.eng.mcmaster.ca//app/uploads/2024/08/Course-Outline-2024-2025-ME4Y03-Yan-2024-08-23.pdf,https://www.eng.mcmaster.ca/mech/courses/,False
MECHTRON 2MP3,Programming for Mechatronics,MECHTRON,found,official_department,cas_macdrive,2026,fall,,https://macdrive.mcmaster.ca/d/7d49d94585344fbab735/files/?p=%2FMECHTRON+2MP3-+Elizabeth+Hofer+_+Fall+2026.pdf&dl=1,https://macdrive.mcmaster.ca/d/7d49d94585344fbab735/,False
MECHTRON 3K04,Software Development,MECHTRON,found,official_department,cas_macdrive,2026,fall,,https://macdrive.mcmaster.ca/d/7d49d94585344fbab735/files/?p=%2FMECHTRON+3K04-SFWRENG_3K04-+Angela+Zavaleta_Fall+2026.pdf&dl=1,https://macdrive.mcmaster.ca/d/7d49d94585344fbab735/,False
MECHTRON 3MX3,Signals and Systems,MECHTRON,found,official_department,cas_macdrive,2026,fall,,https://macdrive.mcmaster.ca/d/7d49d94585344fbab735/files/?p=%2FMECHTRON+3MX3_SFWRENG_3MX3-+Martin+von+Mohrenschildt_+Fall+2026.pdf&dl=1,https://macdrive.mcmaster.ca/d/7d49d94585344fbab735/,False
MECHTRON 3X03,Scientific Computation,MECHTRON,found,official_department,cas_macdrive,2026,fall,,https://macdrive.mcmaster.ca/d/7d49d94585344fbab735/files/?p=%2FCOMPSCI+3X03+_MECHTRON+3X03+_SFWRENG+4X03-Ned+Nedialkov_+Fall+2026.pdf&dl=1,https://macdrive.mcmaster.ca/d/7d49d94585344fbab735/,False
MECHTRON 4AA4,Real-Time Systems and Control Applications,MECHTRON,missing,,,,,,,,False
MECHTRON 4AX3,Predictive and Intelligent Control,MECHTRON,found,official_department,cas_macdrive,2026,fall,,https://macdrive.mcmaster.ca/d/7d49d94585344fbab735/files/?p=%2FMECHTRON+4AX3+-+Martin+von+Mohrenschildt_+Fall+2026.pdf&dl=1,https://macdrive.mcmaster.ca/d/7d49d94585344fbab735/,False
MECHTRON 4RP3,Research Project,MECHTRON,found,official_department,engineering_computing_software,,,,https://www.cas.mcmaster.ca/cas/0files/rsh_prj_frm_perm_mt4rp3.pdf,https://www.eng.mcmaster.ca/cas/courses/,True
MECHTRON 4TB6A,Mechatronics Capstone Design Project,MECHTRON,found,official_department,cas_macdrive,2026,fall,,https://macdrive.mcmaster.ca/d/7d49d94585344fbab735/files/?p=%2FMECHTRON+4TB6+-Alan+Wassyng_Fall2026.pdf&dl=1,https://macdrive.mcmaster.ca/d/7d49d94585344fbab735/,False
NUCENG 3D04,Principles of Nuclear Engineering,NUCENG,found,simple_syllabus,McMaster Simple Syllabus,2026,fall,Markus Piro,https://mcmaster.simplesyllabusca.com/doc/2mz5kvcdv/Fall-2026-NUCENG-3D04-C01-PIROM-Principles-of-Nuclear-Engineering?mode=view,https://mcmaster.simplesyllabusca.com/api2/doc-library-search,False
NUCENG 4P03,Nuclear Power Plant Systems and Operation,NUCENG,found,official_department,engineering_engineering_physics,,,Benjamin Rouben,https://www.eng.mcmaster.ca//app/uploads/2024/01/Course-Outline-NUCENG4P03_EP6P03.pdf,https://www.eng.mcmaster.ca/engphys/courses/,True
PHYSICS 1A03,Introductory Physics,PHYSICS,found,simple_syllabus,McMaster Simple Syllabus,2026,fall,Sara Cormier,https://mcmaster.simplesyllabusca.com/doc/5m7fdjb4y/Fall-2026-PHYSICS-1A03-C01-CORMIESL-Introductory-Physics?mode=view,https://mcmaster.simplesyllabusca.com/api2/doc-library-search,False
PHYSICS 1AA3,Introduction To Modern Physics,PHYSICS,found,simple_syllabus,McMaster Simple Syllabus,2026,fall,Miranda Schmidt,https://mcmaster.simplesyllabusca.com/doc/cmj638ml2/Fall-2026-PHYSICS-1AA3-C01-SCHMIM10-Introduction-To-Modern-Physics?mode=view,https://mcmaster.simplesyllabusca.com/api2/doc-library-search,False
PHYSICS 1C03,Physics for the Chemical and Physical Sciences,PHYSICS,found,simple_syllabus,McMaster Simple Syllabus,2026,fall,Miranda Schmidt,https://mcmaster.simplesyllabusca.com/doc/s8bfdi0w6/Fall-2026-PHYSICS-1C03-C01-SCHMIM10-Physics-for-the-Chemical-and-Physical-Sciences?mode=view,https://mcmaster.simplesyllabusca.com/api2/doc-library-search,False
PHYSICS 1D03,Introductory Mechanics,PHYSICS,found,simple_syllabus,McMaster Simple Syllabus,2026,fall,Eamonn Corrigan,https://mcmaster.simplesyllabusca.com/doc/ic4n8609f/Fall-2026-PHYSICS-1D03-C01-CORRIE2-Introductory-Mechanics?mode=view,https://mcmaster.simplesyllabusca.com/api2/doc-library-search,False
PHYSICS 1V03,Introductory Physics,PHYSICS,found,simple_syllabus,McMaster Simple Syllabus,2026,fall,Sara Cormier,https://mcmaster.simplesyllabusca.com/doc/h43x8mdwp/Fall-2026-PHYSICS-1V03-C01-CORMIESL-Introductory-Physics?mode=view,https://mcmaster.simplesyllabusca.com/api2/doc-library-search,False
PHYSICS 2B03,Electricity and Magnetism I,PHYSICS,found,simple_syllabus,McMaster Simple Syllabus,2026,fall,Bruce D Gaulin,https://mcmaster.simplesyllabusca.com/doc/7lo5bph8u/Fall-2026-PHYSICS-2B03-C01-GAULIN-Electricity-and-Magnetism-I?mode=view,https://mcmaster.simplesyllabusca.com/api2/doc-library-search,False
PHYSICS 2C03,Modern Physics,PHYSICS,missing,,,,,,,,False
PHYSICS 3ET3A,Physics Teaching Placement,PHYSICS,found,simple_syllabus,McMaster Simple Syllabus,2026,fall,Miranda Schmidt,https://mcmaster.simplesyllabusca.com/doc/rgblwun05/Fall-2026-PHYSICS-3ET3A-C01-SCHMIM10-Physics-Teaching-Placement?mode=view,https://mcmaster.simplesyllabusca.com/api2/doc-library-search,False
PHYSICS 3ET3S,Physics Teaching Placement,PHYSICS,found,simple_syllabus,McMaster Simple Syllabus,2026,fall,Miranda Schmidt,https://mcmaster.simplesyllabusca.com/doc/5425yz0oa/Fall-2026-PHYSICS-3ET3S-C01-SCHMIM10-Physics-Teaching-Placement?mode=view,https://mcmaster.simplesyllabusca.com/api2/doc-library-search,False
PHYSICS 3MM3,Quantum Mechanics I,PHYSICS,found,simple_syllabus,McMaster Simple Syllabus,2026,fall,Patrick Clancy,https://mcmaster.simplesyllabusca.com/doc/ytdjf5c3l/Fall-2026-PHYSICS-3MM3-C01-CLANCYP-Quantum-Mechanics-I?mode=view,https://mcmaster.simplesyllabusca.com/api2/doc-library-search,False
PHYSICS 3P03,Advanced Laboratory,PHYSICS,missing,,,,,,,,False
PHYSICS 4B03,Electromagnetic Theory,PHYSICS,found,simple_syllabus,McMaster Simple Syllabus,2026,fall,Sung-Sik Lee,https://mcmaster.simplesyllabusca.com/doc/q42wwsw1i/Fall-2026-PHYSICS-4B03-C01-SLEE-Electromagnetic-Theory?mode=view,https://mcmaster.simplesyllabusca.com/api2/doc-library-search,False
PHYSICS 4G03,Computational Physics,PHYSICS,missing,,,,,,,,False
PHYSICS 4IS3,Independent Study,PHYSICS,missing,,,,,,,,False
PHYSICS 4L03A,Literature Review,PHYSICS,missing,,,,,,,,False
PHYSICS 4LQ3A,Literature Review – Quantum,PHYSICS,missing,,,,,,,,False
PHYSICS 4P06A,Senior Research Project,PHYSICS,missing,,,,,,,,False
PHYSICS 4PQ6A,Senior Research Project - Quantum,PHYSICS,missing,,,,,,,,False
PROCTECH 2CA3,CAD for Design,PROCTECH,found,official_department,engineering_technology,,,,https://www.eng.mcmaster.ca//app/uploads/2024/01/PROCTECH-2CA3-Fall-2023.pdf,https://www.eng.mcmaster.ca/sept/courses/,True
PROCTECH 2CE3,Chemical Engineering I: Mass Balance,PROCTECH,found,official_department,engineering_technology,,,,https://www.eng.mcmaster.ca//app/uploads/2024/01/PROCTECH-2CE3-Fall-2023.pdf,https://www.eng.mcmaster.ca/sept/courses/,True
PROCTECH 2EE3,Electronic Devices and Circuits,PROCTECH,found,official_department,engineering_technology,,,,https://www.eng.mcmaster.ca//app/uploads/2024/01/PROCTECH-2EE3-Fall-2023.pdf,https://www.eng.mcmaster.ca/sept/courses/,True
PROCTECH 2IC3,Instrumentation and Control,PROCTECH,found,official_department,engineering_technology,,,,https://www.eng.mcmaster.ca//app/uploads/2024/01/PROCTECH-2IC3-Fall-2023.pdf,https://www.eng.mcmaster.ca/sept/courses/,True
PROCTECH 3CE3,Chemical Engineering III: Unit and Process Design,PROCTECH,found,official_department,engineering_technology,,,Kostas Apostolou,https://www.eng.mcmaster.ca//app/uploads/2024/01/PROCTECH-3CE3-Fall-2023.pdf,https://www.eng.mcmaster.ca/sept/courses/,True
PROCTECH 3CT3,Systems and Control,PROCTECH,missing,,,,,,,,False
PROCTECH 3MC3,Motion Control and Robotics,PROCTECH,found,official_department,engineering_technology,,,Zhen Gao,https://www.eng.mcmaster.ca//app/uploads/2024/01/PROCTECH-3MC3-Fall-2023.pdf,https://www.eng.mcmaster.ca/sept/courses/,True
PROCTECH 3PL3,Advanced PLC Programming and Control,PROCTECH,found,official_department,engineering_technology,,,,https://www.eng.mcmaster.ca//app/uploads/2024/01/PROCTECH-3PL3-Fall-2023.pdf,https://www.eng.mcmaster.ca/sept/courses/,True
PROCTECH 4AS3,Industrial Systems Integration and Artificial Intelligence,PROCTECH,found,official_department,engineering_technology,,,"Tom Wanyama, P.Eng.",https://www.eng.mcmaster.ca//app/uploads/2024/01/PROCTECH-4AS3-Fall-2023.pdf,https://www.eng.mcmaster.ca/sept/courses/,True
PROCTECH 4MH3,Machine Health and Remote Monitoring,PROCTECH,found,official_department,engineering_technology,,,"Tom Wanyama, P.Eng.",https://www.eng.mcmaster.ca//app/uploads/2024/01/PROCTECH-4MH3-Fall-2023.pdf,https://www.eng.mcmaster.ca/sept/courses/,True
PROCTECH 4MS3,Manufacturing Technologies,PROCTECH,found,official_department,engineering_technology,,,,https://www.eng.mcmaster.ca//app/uploads/2024/01/PROCTECH-4MS3-Fall-2023.pdf,https://www.eng.mcmaster.ca/sept/courses/,True
PROCTECH 4SS3,System Specification and Design,PROCTECH,found,official_department,engineering_technology,,,Kostas Apostolou,https://www.eng.mcmaster.ca//app/uploads/2024/01/PROCTECH-4SS3-Fall-2023.pdf,https://www.eng.mcmaster.ca/sept/courses/,True
PROCTECH 4TR3,Capstone Design Project II,PROCTECH,found,official_department,engineering_technology,,,Kostas Apostolou,https://www.eng.mcmaster.ca//app/uploads/2024/01/PROCTECH-4TR3-Fall-2023-Kostas.pdf,https://www.eng.mcmaster.ca/sept/courses/,True
PSYCH 1FF3,Survey of Biological Basis of Psychology,PSYCH,found,simple_syllabus,McMaster Simple Syllabus,2026,fall,Joe Kim,https://mcmaster.simplesyllabusca.com/doc/py6fcetil/Fall-2026-PSYCH-1FF3-C01-TBD-Survey-of-Biological-Basis-of-Psychology?mode=view,https://mcmaster.simplesyllabusca.com/api2/doc-library-search,False
PSYCH 1X03,"Introduction to Psychology, Neuroscience & Behaviour",PSYCH,found,simple_syllabus,McMaster Simple Syllabus,2026,fall,Joe Kim,https://mcmaster.simplesyllabusca.com/doc/2sc9fsx7e/Fall-2026-PSYCH-1X03-C04-CADIEUM-Introduction-to-Psychology-Neuroscience-Behaviour?mode=view,https://mcmaster.simplesyllabusca.com/api2/doc-library-search,False
PSYCH 2AA3,Child Development,PSYCH,missing,,,,,,,,False
PSYCH 2AP3,Psychological Perspectives on Mental Health,PSYCH,found,simple_syllabus,McMaster Simple Syllabus,2026,fall,Dr. Meagan MacKenzie,https://mcmaster.simplesyllabusca.com/doc/nyy1eq4gn/Fall-2026-PSYCH-2AP3-C01-MACKEM17-Psychological-Perspectives-on-Mental-Health?mode=view,https://mcmaster.simplesyllabusca.com/api2/doc-library-search,False
PSYCH 2B03,Personality,PSYCH,found,simple_syllabus,McMaster Simple Syllabus,2026,fall,Dr. Meagan MacKenzie,https://mcmaster.simplesyllabusca.com/doc/oaupvskcd/Fall-2026-PSYCH-2B03-C01-MACKEM17-Personality?mode=view,https://mcmaster.simplesyllabusca.com/api2/doc-library-search,False
PSYCH 2C03,Social Psychology,PSYCH,missing,,,,,,,,False
PSYCH 2GG3,"Learning, Measuring, and Shaping Behaviour",PSYCH,missing,,,,,,,,False
PSYCH 2H03,Human Learning and Cognition,PSYCH,found,simple_syllabus,McMaster Simple Syllabus,2026,fall,Taigan MacGowan - you can call me Dr. Mac!,https://mcmaster.simplesyllabusca.com/doc/gonfwxlet/Fall-2026-PSYCH-2H03-C01-MACGOWAT-Human-Learning-and-Cognition?mode=view,https://mcmaster.simplesyllabusca.com/api2/doc-library-search,False
PSYCH 3A03,Audition,PSYCH,missing,,,,,,,,False
PSYCH 3AB3,Adolescent Psychology,PSYCH,missing,,,,,,,,False
PSYCH 3B03,Special Populations,PSYCH,found,simple_syllabus,McMaster Simple Syllabus,2026,fall,Taigan MacGowan,https://mcmaster.simplesyllabusca.com/doc/nisxzallq/Fall-2026-PSYCH-3B03-C01-MACGOWAT-Special-Populations?mode=view,https://mcmaster.simplesyllabusca.com/api2/doc-library-search,False
PSYCH 3BA3,Positive Psychology,PSYCH,missing,,,,,,,,False
PSYCH 3C03,Child Language Acquisition,PSYCH,missing,,,,,,,,False
PSYCH 3D03,The Multisensory Mind,PSYCH,missing,,,,,,,,False
PSYCH 3FA3,Neuroscience of Learning and Memory,PSYCH,found,simple_syllabus,McMaster Simple Syllabus,2026,fall,Jesse Pazdera,https://mcmaster.simplesyllabusca.com/doc/zs1vjk5gu/Fall-2026-PSYCH-3FA3-C01-PAZDERAJ-Neuroscience-of-Learning-and-Memory?mode=view,https://mcmaster.simplesyllabusca.com/api2/doc-library-search,False
PSYCH 3M03,Motivation and Emotion,PSYCH,missing,,,,,,,,False
PSYCH 3SP3,The Science of Performance,PSYCH,found,simple_syllabus,McMaster Simple Syllabus,2026,fall,TA (TBA),https://mcmaster.simplesyllabusca.com/doc/1xx3rgxlb/Fall-2026-PSYCH-3SP3-C01-IVERSENJ-The-Science-of-Performance?mode=view,https://mcmaster.simplesyllabusca.com/api2/doc-library-search,False
PSYCH 3T03,Behavioural Ecology,PSYCH,found,simple_syllabus,McMaster Simple Syllabus,2026,fall,Sigal Balshine,https://mcmaster.simplesyllabusca.com/doc/32kfu5ccx/Fall-2026-PSYCH-3T03-C01-SIGAL-Behavioural-Ecology?mode=view,https://mcmaster.simplesyllabusca.com/api2/doc-library-search,False
PSYCH 3TT3,Science of Teaching and Learning,PSYCH,missing,,,,,,,,False
PSYCH 3VV3,Human Memory,PSYCH,missing,,,,,,,,False
PSYCH 3WA3,The Mind as a Work of Art,PSYCH,found,simple_syllabus,McMaster Simple Syllabus,2026,fall,Steven Brown,https://mcmaster.simplesyllabusca.com/doc/20zq1z53r/Fall-2026-PSYCH-3WA3-C01-STEBRO-The-Mind-as-a-Work-of-Art?mode=view,https://mcmaster.simplesyllabusca.com/api2/doc-library-search,False
SFGNTECH 3EE3,Engineering Economics,SFGNTECH,missing,,,,,,,,False
SFGNTECH 3FS3,Financial Systems,SFGNTECH,missing,,,,,,,,False
SFGNTECH 3MP3,Management Principles,SFGNTECH,missing,,,,,,,,False
SFGNTECH 4EM3,Legal and Regulatory Issues,SFGNTECH,missing,,,,,,,,False
SFGNTECH 4EN3,Entrepreneurial Thinking and Innovation,SFGNTECH,missing,,,,,,,,False
SFGNTECH 4MO3,Operations Management,SFGNTECH,missing,,,,,,,,False
SFGNTECH 4PM3,Project Management,SFGNTECH,missing,,,,,,,,False
SFGNTECH 4SE3,Technology Ethics and Sustainability,SFGNTECH,missing,,,,,,,,False
SFGNTECH 4TC3,Technical Communications,SFGNTECH,missing,,,,,,,,False
SFWRBME 5P06A,Integrated Software & Biomedical Engineering Capstone Design Project,SFWRBME,missing,,,,,,,,False
SFWRENG 2DA4,Digital Systems and Interfacing,SFWRENG,missing,,,,,,,,False
SFWRENG 2DM3,Discrete Mathematics with Applications I,SFWRENG,found,simple_syllabus,McMaster Simple Syllabus,2026,fall,Ridha Khedri,https://mcmaster.simplesyllabusca.com/doc/ct5eqi3ik/Fall-2026-SFWRENG-2DM3-T03-KHEDRI-Discrete-Mathematics-with-Applications-I?mode=view,https://mcmaster.simplesyllabusca.com/api2/doc-library-search,False
SFWRENG 2OP3,Object-Oriented Programming,SFWRENG,found,official_department,cas_macdrive,2026,fall,,https://macdrive.mcmaster.ca/d/7d49d94585344fbab735/files/?p=%2FSFWRENG+2OP3+-+Angela+Zavaleta_Fall2026.pdf&dl=1,https://macdrive.mcmaster.ca/d/7d49d94585344fbab735/,False
SFWRENG 2XC3,Software Engineering Practice and Experience: Development Basics,SFWRENG,found,simple_syllabus,McMaster Simple Syllabus,2026,fall,Samuel Scott,https://mcmaster.simplesyllabusca.com/doc/j0ezbdvrm/Fall-2026-SFWRENG-2XC3-L05-SCOTTS52-Software-Engineering-Practice-and-Experience-Development-Basics?mode=view,https://mcmaster.simplesyllabusca.com/api2/doc-library-search,False
SFWRENG 3BB4,Software Design II - Concurrent System Design,SFWRENG,found,official_department,cas_macdrive,2026,fall,,https://macdrive.mcmaster.ca/d/7d49d94585344fbab735/files/?p=%2FSFWRENG+3BB4+-Ryszard+Janicki+_Fall+2026.pdf&dl=1,https://macdrive.mcmaster.ca/d/7d49d94585344fbab735/,False
SFWRENG 3DB3,Databases,SFWRENG,found,official_department,cas_macdrive,2026,fall,,https://macdrive.mcmaster.ca/d/7d49d94585344fbab735/files/?p=%2FSFWRENG+3DB3+-+Fei+Chiang+_Fall+2026.pdf&dl=1,https://macdrive.mcmaster.ca/d/7d49d94585344fbab735/,False
SFWRENG 3GC3,Computer Graphics,SFWRENG,found,official_department,cas_macdrive,2026,fall,,https://macdrive.mcmaster.ca/d/7d49d94585344fbab735/files/?p=%2FCOMPSCI+3GC3_SFWRENG+3GC3+-+Yingying+Wang_+Fall+2026.pdf&dl=1,https://macdrive.mcmaster.ca/d/7d49d94585344fbab735/,False
SFWRENG 3K04,Software Development,SFWRENG,found,official_department,cas_macdrive,2026,fall,,https://macdrive.mcmaster.ca/d/7d49d94585344fbab735/files/?p=%2FMECHTRON+3K04-SFWRENG_3K04-+Angela+Zavaleta_Fall+2026.pdf&dl=1,https://macdrive.mcmaster.ca/d/7d49d94585344fbab735/,False
SFWRENG 3MX3,Signals and Systems,SFWRENG,found,official_department,cas_macdrive,2026,fall,,https://macdrive.mcmaster.ca/d/7d49d94585344fbab735/files/?p=%2FMECHTRON+3MX3_SFWRENG_3MX3-+Martin+von+Mohrenschildt_+Fall+2026.pdf&dl=1,https://macdrive.mcmaster.ca/d/7d49d94585344fbab735/,False
SFWRENG 3O03,Linear Optimization,SFWRENG,found,official_department,cas_macdrive,2026,fall,,https://macdrive.mcmaster.ca/d/7d49d94585344fbab735/files/?p=%2FSFWRENG+3O03+-+COMPSCI+4O03-Antoine+Deza_Fall+2026.pdf&dl=1,https://macdrive.mcmaster.ca/d/7d49d94585344fbab735/,False
SFWRENG 3RA3,Software Requirements and Security Considerations,SFWRENG,found,official_department,cas_macdrive,2026,fall,,https://macdrive.mcmaster.ca/d/7d49d94585344fbab735/files/?p=%2FCOMPSCI+3RA3+_SFWRENG+3RA3-Sebastien+Mosser_Fall+2026.pdf&dl=1,https://macdrive.mcmaster.ca/d/7d49d94585344fbab735/,False
SFWRENG 4AA4,Real-Time Systems and Control Applications,SFWRENG,found,official_department,cas_macdrive,2026,fall,,https://macdrive.mcmaster.ca/d/7d49d94585344fbab735/files/?p=%2FMECHTRON-SFWRENG4AA4-DouglasDown_Fall2026.pdf&dl=1,https://macdrive.mcmaster.ca/d/7d49d94585344fbab735/,False
SFWRENG 4AL3,Applications of Machine Learning,SFWRENG,found,official_department,cas_macdrive,2026,fall,,https://macdrive.mcmaster.ca/d/7d49d94585344fbab735/files/?p=%2FCOMPSCI+4AL3+_+SFWRENG+4AL3+-+Charles+Welch+_Fall+2026.pdf&dl=1,https://macdrive.mcmaster.ca/d/7d49d94585344fbab735/,False
SFWRENG 4G06A,Software Design IV - Capstone Design Project,SFWRENG,missing,,,,,,,,False
SFWRENG 4HC3,Human Computer Interfaces,SFWRENG,found,official_department,cas_macdrive,2026,fall,,https://macdrive.mcmaster.ca/d/7d49d94585344fbab735/files/?p=%2FSFWRENG+4HC3+-+Irene+Yuan+_+Fall+2026.pdf&dl=1,https://macdrive.mcmaster.ca/d/7d49d94585344fbab735/,False
SFWRENG 4RP3,Research Project,SFWRENG,found,official_department,engineering_computing_software,,,,https://www.cas.mcmaster.ca/cas/0files/rsh_prj_frm_perm_se4rp3.pdf,https://www.eng.mcmaster.ca/cas/courses/,True
SFWRENG 4TE3,Continuous Optimization,SFWRENG,found,official_department,cas_macdrive,2026,fall,,https://macdrive.mcmaster.ca/d/7d49d94585344fbab735/files/?p=%2FCOMPSCI+4TE3+-SFWRENG+4TE3-Antoine+Deza_Fall+2026.pdf&dl=1,https://macdrive.mcmaster.ca/d/7d49d94585344fbab735/,False
SFWRENG 4TH3,Theory of Computation,SFWRENG,found,official_department,cas_macdrive,2026,fall,,https://macdrive.mcmaster.ca/d/7d49d94585344fbab735/files/?p=%2FCOMPSCI+4TH3+_SFWRENG+4TH3+-+George+Karakostas_Fall+2026.pdf&dl=1,https://macdrive.mcmaster.ca/d/7d49d94585344fbab735/,False
SFWRENG 4X03,Scientific Computation,SFWRENG,found,official_department,cas_macdrive,2026,fall,,https://macdrive.mcmaster.ca/d/7d49d94585344fbab735/files/?p=%2FCOMPSCI+3X03+_MECHTRON+3X03+_SFWRENG+4X03-Ned+Nedialkov_+Fall+2026.pdf&dl=1,https://macdrive.mcmaster.ca/d/7d49d94585344fbab735/,False
SFWRTECH 3CS3,Introduction to Cyber Security,SFWRTECH,found,official_department,engineering_technology,,,,https://www.eng.mcmaster.ca//app/uploads/2024/01/sfwrtech_3cs3_-_summer_2022.pdf,https://www.eng.mcmaster.ca/sept/courses/,True
SFWRTECH 3IT3,Fundamentals of Networking,SFWRTECH,found,official_department,engineering_technology,,,,https://www.eng.mcmaster.ca//app/uploads/2024/01/sfwrtech_3it3_-_summer_2022.pdf,https://www.eng.mcmaster.ca/sept/courses/,True
SFWRTECH 3MA3,Contemporary Math for Software Development,SFWRTECH,missing,,,,,,,,False
SFWRTECH 3OS3,Operating Systems,SFWRTECH,found,official_department,engineering_technology,,,,https://www.eng.mcmaster.ca//app/uploads/2024/01/sfwrtech_3os3_-_fall_2021_0.pdf,https://www.eng.mcmaster.ca/sept/courses/,True
SFWRTECH 3PR3,Procedural and Object Oriented Programming Concepts,SFWRTECH,found,official_department,engineering_technology,,,,https://www.eng.mcmaster.ca//app/uploads/2024/01/sfwrtech_3pr3_-_winter_2022.pdf,https://www.eng.mcmaster.ca/sept/courses/,True
SFWRTECH 3RQ3,Software Requirements and Specification,SFWRTECH,found,official_department,engineering_technology,,,,https://www.eng.mcmaster.ca//app/uploads/2024/01/sfwrtech_3rq3_-_winter_2022.pdf,https://www.eng.mcmaster.ca/sept/courses/,True
SFWRTECH 3ST3,Probability and Statistics,SFWRTECH,missing,,,,,,,,False
SFWRTECH 4AI3,Artificial Intelligence,SFWRTECH,found,official_department,engineering_technology,,,,https://www.eng.mcmaster.ca//app/uploads/2024/01/sfwrtech_4ai3_-_winter_2022.pdf,https://www.eng.mcmaster.ca/sept/courses/,True
SFWRTECH 4CC3,Parallel Programming,SFWRTECH,found,official_department,engineering_technology,,,Jeff Fortuna,https://www.eng.mcmaster.ca//app/uploads/2024/01/sfwrtech_4cc3_fall_2021_course_outline.pdf,https://www.eng.mcmaster.ca/sept/courses/,True
SFWRTECH 4DA3,Data Analytics and Big Data,SFWRTECH,missing,,,,,,,,False
SFWRTECH 4DS3,Data Structures and Algorithms,SFWRTECH,found,official_department,engineering_technology,,,"Seshasai Srinivasan, P.Eng.",https://www.eng.mcmaster.ca//app/uploads/2024/01/sfwrtech_4ds3_-_summer_2022.pdf,https://www.eng.mcmaster.ca/sept/courses/,True
SFWRTECH 4ES3,Real-Time Systems,SFWRTECH,found,official_department,engineering_technology,,,"Marjan Alavi, P.Eng., SMIEEE",https://www.eng.mcmaster.ca//app/uploads/2024/01/sfwrtech_4es3_-_winter_2022.pdf,https://www.eng.mcmaster.ca/sept/courses/,True
SFWRTECH 4MA3,Numerical Linear Algebra and Numerical Optimization,SFWRTECH,found,official_department,engineering_technology,,,"Seshasai Srinivasan, P.Eng.",https://www.eng.mcmaster.ca//app/uploads/2024/01/sfwrtech_4ma3_-_winter_2022.pdf,https://www.eng.mcmaster.ca/sept/courses/,True
SFWRTECH 4NN3,Neural Networks and Deep Learning,SFWRTECH,found,official_department,engineering_technology,,,Jeff Fortuna,https://www.eng.mcmaster.ca//app/uploads/2024/01/sfwrtech_4nn3_fall_2021_course_outline-1.pdf,https://www.eng.mcmaster.ca/sept/courses/,True
SFWRTECH 4NS3,Advanced Network Security,SFWRTECH,found,official_department,engineering_technology,,,,https://www.eng.mcmaster.ca//app/uploads/2024/01/sfwrtech_4ns3_-_summer_2022-1.pdf,https://www.eng.mcmaster.ca/sept/courses/,True
SFWRTECH 4SA3,Software Architecture,SFWRTECH,found,official_department,engineering_technology,,,,https://www.eng.mcmaster.ca//app/uploads/2024/01/sfwrtech_4sa3_-_summer_2022-1.pdf,https://www.eng.mcmaster.ca/sept/courses/,True
SFWRTECH 4VD3,Videogame Development Technology,SFWRTECH,missing,,,,,,,,False
SMRTTECH 3CC3,Cloud Computing and Internet of Things,SMRTTECH,missing,,,,,,,,False
SMRTTECH 3DE3,Digital Electronics,SMRTTECH,found,official_department,engineering_technology,,,,https://www.eng.mcmaster.ca//app/uploads/2024/01/SMARTTECH-3DE3-Fall-2023.pdf,https://www.eng.mcmaster.ca/sept/courses/,True
SMRTTECH 4AI3,Artificial Intelligence and Machine Learning,SMRTTECH,found,official_department,engineering_technology,,,,https://www.eng.mcmaster.ca//app/uploads/2024/01/SMRTTECH-4AI3-Fall-2023.pdf,https://www.eng.mcmaster.ca/sept/courses/,True
SMRTTECH 4SC3,Smart Cities and Communities,SMRTTECH,found,official_department,engineering_technology,,,"Marjan Alavi, P.Eng., SMIEEE",https://www.eng.mcmaster.ca//app/uploads/2024/01/SMRTTECH-4SC3-Fall-2023.pdf,https://www.eng.mcmaster.ca/sept/courses/,True
TRONBME 5P06A,Integrated Mechatronics & Biomedical Engineering Capstone Design Project,TRONBME,missing,,,,,,,,False
