course_code,course_title,professor_name,url
ABLD 3CD3,Topics in the Black Caribbean and its Diasporas,,https://mcmaster.simplesyllabusca.com/doc/0s0l3o7o6/Fall-2026-ABLD-3CD3-C01-CREECHS-Topics-in-the-Black-Caribbean-and-its-Diasporas?mode=view
ANTHROP 1AA3,"Introduction to Anthropology: Sex, Food and Death",Dr. Tina Moffat,https://mcmaster.simplesyllabusca.com/doc/9tgz8xum3/Fall-2026-ANTHROP-1AA3-C01-MOFFATCS-Introduction-to-Anthropology-Sex-Food-and-Death?mode=view
ANTHROP 3HD3,Children's Health and Development,Tina Moffat,https://mcmaster.simplesyllabusca.com/doc/bmt164xva/Fall-2026-ANTHROP-3HD3-C01-MOFFATCS-Children-s-Health-and-Development?mode=view
ANTHROP 3LD3,Learning from the Dead,Dr. T. Prowse,https://mcmaster.simplesyllabusca.com/doc/76tljf3mi/Fall-2026-ANTHROP-3LD3-C01-PROWSET-Learning-from-the-Dead?mode=view
ANTHROP 3PD3,Anthropological Perspectives and Debates,Dr. Karen McGarry,https://mcmaster.simplesyllabusca.com/doc/ywkozht0i/Fall-2026-ANTHROP-3PD3-C01-MCGARRY-Anthropological-Perspectives-and-Debates?mode=view
ARTSSCI 1A03,Practices of Knowledge,Jason Hoult,https://mcmaster.simplesyllabusca.com/doc/0gkfy6326/Fall-2026-ARTSSCI-1A03-C01-HOULTJ-Practices-of-Knowledge?mode=view
ARTSSCI 1B03,Writing,Stacy Creech de Castro,https://mcmaster.simplesyllabusca.com/doc/zrvo614c4/Fall-2026-ARTSSCI-1B03-C01-CREECHS-Writing?mode=view
ARTSSCI 1C06A,Global Challenges Inquiry,Mathew Savelli,https://mcmaster.simplesyllabusca.com/doc/460wkru08/Fall-2026-ARTSSCI-1C06A-C01-MARQUIE-Global-Challenges-Inquiry?mode=view
ARTSSCI 1D06A,Calculus,Caroline Junkins,https://mcmaster.simplesyllabusca.com/doc/xj4n2yeed/Fall-2026-ARTSSCI-1D06A-C01-JUNKINC-Calculus?mode=view
ARTSSCI 2D06A,Physics,Maikel Rheinstadter,https://mcmaster.simplesyllabusca.com/doc/sn0soxe23/Fall-2026-ARTSSCI-2D06A-C01-RHEINSM-Physics?mode=view
ARTSSCI 2E03,Economics: Principles and Policy,Anastasios Papanastasiou,https://mcmaster.simplesyllabusca.com/doc/vxvjx276l/Fall-2026-ARTSSCI-2E03-C01-PAPANASA-Economics-Principles-and-Policy?mode=view
ARTSSCI 3BB3,Technology and Society II,David Goutor,https://mcmaster.simplesyllabusca.com/doc/l17f4dlpb/Fall-2026-ARTSSCI-3BB3-C01-GOUTORD-Technology-and-Society-II?mode=view
ARTSSCI 3CL3,"Theatre, Self, and Social Development",Hartley Jafine,https://mcmaster.simplesyllabusca.com/doc/m0rsfugjh/Fall-2026-ARTSSCI-3CL3-C01-JAFINE-Theatre-Self-and-Social-Development?mode=view
ARTSSCI 3S03,The East Asian Religious Tradition,James Alexander Benn,https://mcmaster.simplesyllabusca.com/doc/j88clrksq/Fall-2026-ARTSSCI-3S03-C01-BENNJAM-The-East-Asian-Religious-Tradition?mode=view
ARTSSCI 4CD3,Research and Creative Writing,Eugenia Zuroski,https://mcmaster.simplesyllabusca.com/doc/bqoiaezz3/Fall-2026-ARTSSCI-4CD3-C01-ZJENKIN-Research-and-Creative-Writing?mode=view
ARTSSCI 4GH3,Global Health Inquiry,Mary Crea-Arsenio,https://mcmaster.simplesyllabusca.com/doc/0pv41s0t8/Fall-2026-ARTSSCI-4GH3-C01-MCREA-Global-Health-Inquiry?mode=view
ARTSSCI 4QT3,"Queering the Arts, Queering the Sciences",Ishaan Selby,https://mcmaster.simplesyllabusca.com/doc/rlw1ofhso/Fall-2026-ARTSSCI-4QT3-C01-SELBYIA-Queering-the-Arts-Queering-the-Sciences?mode=view
ASTRON 1F03,Introduction to Astronomy and Astrophysics,James Wadsley,https://mcmaster.simplesyllabusca.com/doc/6uqs1o7l5/Fall-2026-ASTRON-1F03-T01-WADSLEY-Introduction-to-Astronomy-and-Astrophysics?mode=view
ASTRON 2A03,Perspectives on Indigenous and Eurocentric Astronomy,Dr Robert Cockcroft,https://mcmaster.simplesyllabusca.com/doc/7u2ot4er7/Fall-2026-ASTRON-2A03-C01-COCKCRR-Perspectives-on-Indigenous-and-Eurocentric-Astronomy?mode=view
ASTRON 2B03,The Big Questions,Dr Robert Cockcroft,https://mcmaster.simplesyllabusca.com/doc/fgfcrdl71/Fall-2026-ASTRON-2B03-C01-COCKCRR-The-Big-Questions?mode=view
ASTRON 3Y03,Stellar Structure,Dr Robert Cockcroft,https://mcmaster.simplesyllabusca.com/doc/wfosvl1ny/Fall-2026-ASTRON-3Y03-C01-COCKCRR-Stellar-Structure?mode=view
AUTOTECH 3TS3,Fluid Mechanics,Moein Mehrtash,https://mcmaster.simplesyllabusca.com/doc/jlm3525xv/Fall-2026-AUTOTECH-3TS3-C01-MEHRTAM-Fluid-Mechanics?mode=view
BIOLOGY 1A03,Cellular and Molecular Biology,Rosa Da Silva,https://mcmaster.simplesyllabusca.com/doc/2fvkeovye/Fall-2026-BIOLOGY-1A03-C01-KAJIURA-Cellular-and-Molecular-Biology?mode=view
BIOLOGY 1M03,"Biodiversity, Evolution and Humanity",Dr. Cristina Abbatangelo,https://mcmaster.simplesyllabusca.com/doc/k16eu3j9v/Fall-2026-BIOLOGY-1M03-C02-ABBATACL-Biodiversity-Evolution-and-Humanity?mode=view
BIOLOGY 1P03,Introductory Biology,Dr. Herb Schellhorn,https://mcmaster.simplesyllabusca.com/doc/ib8l3jgmn/Fall-2026-BIOLOGY-1P03-C01-SCHELL-Introductory-Biology?mode=view
BIOLOGY 2B03,Cell Biology,Dr. Krupa Patel,https://mcmaster.simplesyllabusca.com/doc/ix4iul1dq/Fall-2026-BIOLOGY-2B03-C01-PATEK229-Cell-Biology?mode=view
BIOLOGY 2C03,Genetics,Cristina Abbatangelo,https://mcmaster.simplesyllabusca.com/doc/lvl8i1k58/Fall-2026-BIOLOGY-2C03-C01-ABBATACL-Genetics?mode=view
BIOLOGY 2D03,Plant Biodiversity and Biotechnology,Robin Cameron,https://mcmaster.simplesyllabusca.com/doc/47i2vdxbc/Fall-2026-BIOLOGY-2D03-C01-RCAMERO-Plant-Biodiversity-and-Biotechnology?mode=view
BIOLOGY 2F03,Fundamental and Applied Ecology,Dr. Emily Choy,https://mcmaster.simplesyllabusca.com/doc/2dq0j2s9m/Fall-2026-BIOLOGY-2F03-C01-CHOYE1-Fundamental-and-Applied-Ecology?mode=view
BIOLOGY 2L03,The Scientific Method in Biology,Doc Roc (aka Jon Stone),https://mcmaster.simplesyllabusca.com/doc/s4g48bghv/Fall-2026-BIOLOGY-2L03-C01-STONEJ-The-Scientific-Method-in-Biology?mode=view
BIOLOGY 3AA3,Fundamental Concepts of Pharmacology,Dr. Joanna Wilson,https://mcmaster.simplesyllabusca.com/doc/mj7qf2no0/Fall-2026-BIOLOGY-3AA3-C01-WILSOJO-Fundamental-Concepts-of-Pharmacology?mode=view
BIOLOGY 3DD3,Communities and Ecosystems,Dr. Jurek Kolasa,https://mcmaster.simplesyllabusca.com/doc/pq0qs1039/Fall-2026-BIOLOGY-3DD3-C01-KOLASA-Communities-and-Ecosystems?mode=view
BIOLOGY 3FF3,Evolution,Doc Roc (aka Jon Stone),https://mcmaster.simplesyllabusca.com/doc/etfnkro56/Fall-2026-BIOLOGY-3FF3-C01-STONEJ-Evolution?mode=view
BIOLOGY 3HD3,Human Disasters,Dr. Krupa Patel,https://mcmaster.simplesyllabusca.com/doc/in7s8n8ec/Fall-2026-BIOLOGY-3HD3-C01-PATEK229-Human-Disasters?mode=view
BIOLOGY 3JJ3,Field Methods In Ecology,Susan Dudley,https://mcmaster.simplesyllabusca.com/doc/t6v8j7sn6/Fall-2026-BIOLOGY-3JJ3-C01-SDUDLEY-Field-Methods-In-Ecology?mode=view
BIOLOGY 3P03,Cell Physiology,Dr. Alex Little,https://mcmaster.simplesyllabusca.com/doc/golljplvy/Fall-2026-BIOLOGY-3P03-C01-LITTLA6-Cell-Physiology?mode=view
BIOLOGY 3S03,An Introduction to Bioinformatics,Brian Golding,https://mcmaster.simplesyllabusca.com/doc/x0thd8qbs/Fall-2026-BIOLOGY-3S03-C01-GOLDING-An-Introduction-to-Bioinformatics?mode=view
BIOLOGY 3SA3,Applied Statistics for Biology,Jonathan Dushoff,https://mcmaster.simplesyllabusca.com/doc/sb20r6605/Fall-2026-BIOLOGY-3SA3-C01-DUSHOFF-Applied-Statistics-for-Biology?mode=view
BIOLOGY 3U03,Animal Physiology - Homeostasis,Alex Proulx,https://mcmaster.simplesyllabusca.com/doc/w0dzysskx/Fall-2026-BIOLOGY-3U03-C01-KUGANAAS-Animal-Physiology-Homeostasis?mode=view
BIOLOGY 4A03,Advanced Topics in Ecology,Dr. Lovaye Kajiura,https://mcmaster.simplesyllabusca.com/doc/2x7go77y5/Fall-2026-BIOLOGY-4A03-C01-KAJIURA-Advanced-Topics-in-Ecology?mode=view
BIOLOGY 4PP3,Environmental Microbiology and Biotechnology,Dr. Jianping (JP) Xu,https://mcmaster.simplesyllabusca.com/doc/6ns6vjvbx/Fall-2026-BIOLOGY-4PP3-C01-JPXU-Environmental-Microbiology-and-Biotechnology?mode=view
BIOLOGY 6X03,Environmental Physiology,Dr. Ranim Saleem,https://mcmaster.simplesyllabusca.com/doc/3ddcxdgte/Fall-2026-BIOLOGY-6X03-T01-SALEER4-Environmental-Physiology?mode=view
BIOPHYS 2A03,Biophysics of the Cell and Living Organisms,Paul Higgs,https://mcmaster.simplesyllabusca.com/doc/mb8vdnmvs/Fall-2026-BIOPHYS-2A03-C01-HIGGSP-Biophysics-of-the-Cell-and-Living-Organisms?mode=view
BIOPHYS 3S03,'Squishy Physics’: Physics of Soft Matter,Kari Dalnoki-Veress,https://mcmaster.simplesyllabusca.com/doc/6miz6y8dw/Fall-2026-BIOPHYS-3S03-C01-DALNOKI-Squishy-Physics-Physics-of-Soft-Matter?mode=view
BIOTECH 2EC3,Chemical Engineering Concepts,Amin Reza Rajabzadeh,https://mcmaster.simplesyllabusca.com/doc/hiw2142bp/Fall-2026-BIOTECH-2EC3-C01-RAJABA-Chemical-Engineering-Concepts?mode=view
BIOTECH 3BP3,Bioreactor Processes and Design,Amin Reza Rajabzadeh,https://mcmaster.simplesyllabusca.com/doc/fu0iizebx/Fall-2026-BIOTECH-3BP3-C01-RAJABA-Bioreactor-Processes-and-Design?mode=view
BIOTECH 4TR3,Capstone Project II,Amin Reza Rajabzadeh,https://mcmaster.simplesyllabusca.com/doc/x6lypvxnd/Fall-2026-BIOTECH-4TR3-C01-RAJABA-Capstone-Project-II?mode=view
CBS 706,Clinical Supervision,Tessa Alexander,https://mcmaster.simplesyllabusca.com/doc/jbmqf37jo/Fall-2026-CBS-706-C01-ALEXAT2-Clinical-Supervision?mode=view
CHEM 1A03,Introductory Chemistry I,Dr. Lydia Chen,https://mcmaster.simplesyllabusca.com/doc/l0regi2tc/Fall-2026-CHEM-1A03-C04-DAVISLJ-Introductory-Chemistry-I?mode=view
CHEM 2A03,Quantitative Chemical Analysis,Lydia Chen,https://mcmaster.simplesyllabusca.com/doc/bbb5xf9qe/Fall-2026-CHEM-2A03-C01-CHENL109-Quantitative-Chemical-Analysis?mode=view
CHEM 2E03,Introductory Organic Chemistry,Dr. Jim Ghoshdastidar (he/him),https://mcmaster.simplesyllabusca.com/doc/5zcqgdxsr/Fall-2026-CHEM-2E03-C01-GHOSHDA-Introductory-Organic-Chemistry?mode=view
CHEM 2OA3,Organic Chemistry I,Anthony Chibba,https://mcmaster.simplesyllabusca.com/doc/ranzsonyx/Fall-2026-CHEM-2OA3-C01-CHIBBAA-Organic-Chemistry-I?mode=view
CHEM 2OA3,Organic Chemistry I,Anthony Chibba,https://mcmaster.simplesyllabusca.com/doc/tr6u0tc57/Fall-2026-CHEM-2OA3-C02-CHIBBAA-Organic-Chemistry-I?mode=view
CHEM 2OG3,Structure and Reactivity of Organic Molecules,Alex Adronov,https://mcmaster.simplesyllabusca.com/doc/b0wpt4hht/Fall-2026-CHEM-2OG3-C01-ADRONOV-Structure-and-Reactivity-of-Organic-Molecules?mode=view
CHEM 2Q03,Inquiry for Chemistry,Anthony Chibba,https://mcmaster.simplesyllabusca.com/doc/3g1wc4rb3/Fall-2026-CHEM-2Q03-C01-GREENBSH-Inquiry-for-Chemistry?mode=view
CHEM 3EP3A,Advanced Chemistry Placement,Dr. Yurij Mozharivskyj,https://mcmaster.simplesyllabusca.com/doc/i6dbwlw4o/Fall-2026-CHEM-3EP3A-C01-TBD-Advanced-Chemistry-Placement?mode=view
CHEM 3EP3S,Advanced Chemistry Placement,Dr. Yurij Mozharivskyj,https://mcmaster.simplesyllabusca.com/doc/pycc6rq7b/Fall-2026-CHEM-3EP3S-C01-TBD-Advanced-Chemistry-Placement?mode=view
CHEM 3II3,Introduction to Transition Metal Chemistry,Terry Chu,https://mcmaster.simplesyllabusca.com/doc/6a43uxa2g/Fall-2026-CHEM-3II3-C01-CHUT-Introduction-to-Transition-Metal-Chemistry?mode=view
CHEM 3LA3,Strategies for Chemical Discovery,Linda Davis,https://mcmaster.simplesyllabusca.com/doc/5s63k4o7x/Fall-2026-CHEM-3LA3-C01-PRACKE-Strategies-for-Chemical-Discovery?mode=view
CHEM 3OA3,Organic Synthesis,Alfredo Capretta,https://mcmaster.simplesyllabusca.com/doc/sjh7wr9pk/Fall-2026-CHEM-3OA3-C01-CAPRETF-Organic-Synthesis?mode=view
CHEM 3PC3,Mathematical Tools for Chemical Problems,Rodrigo Alejandro Vargas Hernandez,https://mcmaster.simplesyllabusca.com/doc/oze3g39b6/Fall-2026-CHEM-3PC3-C01-VARGASHR-Mathematical-Tools-for-Chemical-Problems?mode=view
CHEM 3RP3,Research Practicum in Chemistry,Dr. Yurij Mozharivskyj,https://mcmaster.simplesyllabusca.com/doc/eem20svlc/Fall-2026-CHEM-3RP3-C01-TBD-Research-Practicum-in-Chemistry?mode=view
CHEM 4OA3,Natural Products,James Mcnulty,https://mcmaster.simplesyllabusca.com/doc/wd2ztzs6j/Fall-2026-CHEM-4OA3-C01-JMCNULT-Natural-Products?mode=view
CHEM 4OP3,Polymers and Organic Materials,Dr. Naveen Chopra,https://mcmaster.simplesyllabusca.com/doc/j8kwomykz/Fall-2026-CHEM-4OP3-C01-CHOPRN16-Polymers-and-Organic-Materials?mode=view
CHEM 6OP3,Polymers and Organic Materials,Dr. Naveen Chopra,https://mcmaster.simplesyllabusca.com/doc/wmqzx6mcy/Fall-2026-CHEM-6OP3-C01-CHOPRN16-Polymers-and-Organic-Materials?mode=view
CHEM 700,Tools for the Chemistry Profession,Peter Kruse,https://mcmaster.simplesyllabusca.com/doc/0vs82evwo/Fall-2026-CHEM-700-C01-PKRUSE-Tools-for-the-Chemistry-Profession?mode=view
CHEMBIO 2OG3,Organic Chemistry I,Alex Adronov,https://mcmaster.simplesyllabusca.com/doc/5p75nwzcj/Fall-2026-CHEMBIO-2OG3-C01-ADRONOV-Organic-Chemistry-I?mode=view
CHEMBIO 2Q03,Inquiry for Chemical Biology,Anthony Chibba (ChemBio 2Q03),https://mcmaster.simplesyllabusca.com/doc/dy86bblnb/Fall-2026-CHEMBIO-2Q03-C01-CHIBBAA-Inquiry-for-Chemical-Biology?mode=view
CHEMBIO 3OA3,Organic Mechanistic Tools for Chemical Biology,Dr. Katherine Bujold,https://mcmaster.simplesyllabusca.com/doc/gostt1zyw/Fall-2026-CHEMBIO-3OA3-L01-TURNER3-Organic-Mechanistic-Tools-for-Chemical-Biology?mode=view
CHEMBIO 3P03,Biomolecular Interactions and Kinetics,Ryan Wylie,https://mcmaster.simplesyllabusca.com/doc/w8obuvxf5/Fall-2026-CHEMBIO-3P03-C01-WYLIER-Biomolecular-Interactions-and-Kinetics?mode=view
CHEMBIO 3RP3,Research Practicum in Chemical Biology,Dr. Yurij Mozharivskyj,https://mcmaster.simplesyllabusca.com/doc/fpeh6cc3g/Fall-2026-CHEMBIO-3RP3-C01-TBD-Research-Practicum-in-Chemical-Biology?mode=view
CHEMBIO 4OA3,Natural Products,James Mcnulty,https://mcmaster.simplesyllabusca.com/doc/cbaqwf67n/Fall-2026-CHEMBIO-4OA3-C01-JMCNULT-Natural-Products?mode=view
CHEMBIO 4Q03,Peer Tutoring in Chemical Biology,Anthony Chibba,https://mcmaster.simplesyllabusca.com/doc/46lotknxe/Fall-2026-CHEMBIO-4Q03-C01-CHIBBAA-Peer-Tutoring-in-Chemical-Biology?mode=view
CHEMBIO 700B,Topics In Chemical Biology,Ryan Wylie,https://mcmaster.simplesyllabusca.com/doc/izvs54qjx/Fall-2026-CHEMBIO-700B-C01-BRENNANJ-Topics-In-Chemical-Biology?mode=view
CHEMENG 720,Lean Six Sigma for Engineers,Naveen Chopra,https://mcmaster.simplesyllabusca.com/doc/iuck3wd2p/Fall-2026-CHEMENG-720-C01-CHOPRN16-Lean-Six-Sigma-for-Engineers?mode=view
CHINESE 1BL3,Beginner Chinese Language I,Qingling Meng,https://mcmaster.simplesyllabusca.com/doc/iw0zs0pnp/Fall-2026-CHINESE-1BL3-C01-MENGQ20-Beginner-Chinese-Language-I?mode=view
CIVENG 2E03,Computer Applications in Civil Engineering,Mahtab Masouminia,https://mcmaster.simplesyllabusca.com/doc/4fnxamuqe/Fall-2026-CIVENG-2E03-C01-CHURCH-Computer-Applications-in-Civil-Engineering?mode=view
CIVENG 3A03,Geotechnical Engineering I,Dr. Yazan Asia,https://mcmaster.simplesyllabusca.com/doc/zr2t8dgyg/Fall-2026-CIVENG-3A03-C01-ASAIY-Geotechnical-Engineering-I?mode=view
CIVENG 4P04,Engineering Hydrogeology,Adedapo Awolayo,https://mcmaster.simplesyllabusca.com/doc/f5zwfvo2v/Fall-2026-CIVENG-4P04-C01-AWOLAYOA-Engineering-Hydrogeology?mode=view
CMST 1A03,Introduction to Communication,Aidan Moir,https://mcmaster.simplesyllabusca.com/doc/sw1vfuunp/Fall-2026-CMST-1A03-C01-MOIRA2-Introduction-to-Communication?mode=view
CMST 2EM3,Environmental Media,Derek Woods,https://mcmaster.simplesyllabusca.com/doc/r0j9krxby/Fall-2026-CMST-2EM3-C01-WOODSD11-Environmental-Media?mode=view
CMST 2LW3,Communication Policy and Law,Sara J Bannerman,https://mcmaster.simplesyllabusca.com/doc/p5yzsxmoa/Fall-2026-CMST-2LW3-C01-BANNERS-Communication-Policy-and-Law?mode=view
CMST 2PR3,Public Relations: Principles and Practices,Dale Shin,https://mcmaster.simplesyllabusca.com/doc/jevrfz46u/Fall-2026-CMST-2PR3-C01-SHINDALE-Public-Relations-Principles-and-Practices?mode=view
CMST 2TM6,Foundations in Communication Theory and Methods,Selina Mudavanhu,https://mcmaster.simplesyllabusca.com/doc/q0fzqhq0v/Fall-2026-CMST-2TM6-C01-MUDAVANS-Foundations-in-Communication-Theory-and-Methods?mode=view
CMST 3B03,Practical Aspects of Media Production,Selina Mudavanhu,https://mcmaster.simplesyllabusca.com/doc/vu747wepo/Fall-2026-CMST-3B03-C01-MUDAVANS-Practical-Aspects-of-Media-Production?mode=view
CMST 3PM3,"Public Memory, Media, and African Diaspora Studies",Gabriel M. Juliano,https://mcmaster.simplesyllabusca.com/doc/x4erdwse2/Fall-2026-CMST-3PM3-C01-MOURAJUG-Public-Memory-Media-and-African-Diaspora-Studies?mode=view
CMST 3S03,Television and Society,Dr. Clementine Oberst,https://mcmaster.simplesyllabusca.com/doc/ycu9wjq01/Fall-2026-CMST-3S03-C01-OBERSTC-Television-and-Society?mode=view
CMST 3SC3,Strategic Communications,,https://mcmaster.simplesyllabusca.com/doc/pkx8tjm3a/Fall-2026-CMST-3SC3-C01-TFLYNN-Strategic-Communications?mode=view
CMST 3WR3,Professional Writing,Rebecca Dewael,https://mcmaster.simplesyllabusca.com/doc/ec8vxvcmf/Fall-2026-CMST-3WR3-C01-DEWAELR-Professional-Writing?mode=view
CMST 4D03,International Communication,Niloofar Hooman,https://mcmaster.simplesyllabusca.com/doc/s78q11dqb/Fall-2026-CMST-4D03-C01-HOOMANN-International-Communication?mode=view
CMST 4E03,Media and Promotionalism,Aidan Moir,https://mcmaster.simplesyllabusca.com/doc/niy0fvjqy/Fall-2026-CMST-4E03-C01-MOIRA2-Media-and-Promotionalism?mode=view
CMST 4N03,The News,Christine Quail,https://mcmaster.simplesyllabusca.com/doc/p92uzvdis/Fall-2026-CMST-4N03-C01-QUAILC-The-News?mode=view
CMST 4X03,Communications for Campaigns and Elections,Davis Vallesi,https://mcmaster.simplesyllabusca.com/doc/s6n6wg3zh/Fall-2026-CMST-4X03-C01-VALLESD-Communications-for-Campaigns-and-Elections?mode=view
CMTYENGA 2A03,Foundations of Community Engagement,Sarah Precious,https://mcmaster.simplesyllabusca.com/doc/j4ztgp2pm/Fall-2026-CMTYENGA-2A03-C01-PRECIOUS-Foundations-of-Community-Engagement?mode=view
CMTYENGA 2MC3,Design and Creation of Engaged Learning for Community Youth,Rebecca Collins-Nelsen,https://mcmaster.simplesyllabusca.com/doc/8enslklln/Fall-2026-CMTYENGA-2MC3-C01-COLLIR2-Design-and-Creation-of-Engaged-Learning-for-Community-Youth?mode=view
CMTYENGA 4A06,Semester at CityLAB: Design and Dialogue Inquiry,Rachel Johnson (Project Management),https://mcmaster.simplesyllabusca.com/doc/ymdxu67zt/Fall-2026-CMTYENGA-4A06-C01-KAYRL-Semester-at-CityLAB-Design-and-Dialogue-Inquiry?mode=view
COGSCIL 6D03,Computers and Linguistic Analysis,Dr. Daniel Schmidtke,https://mcmaster.simplesyllabusca.com/doc/s3gv0dt6y/Fall-2026-COGSCIL-6D03-C01-SCHMIDDF-Computers-and-Linguistic-Analysis?mode=view
COGSCIL 6EL3,Laboratory in Experimental Linguistics,Dr. Emalie Hendel,https://mcmaster.simplesyllabusca.com/doc/2lfx38ptj/Fall-2026-COGSCIL-6EL3-C01-HENDELE-Laboratory-in-Experimental-Linguistics?mode=view
COGSCIL 721,Fundamentals of the Cognitive Neuroscience of Language,Phoebe Gaston,https://mcmaster.simplesyllabusca.com/doc/mj00r5h26/Fall-2026-COGSCIL-721-C01-GASTONP-Fundamentals-of-the-Cognitive-Neuroscience-of-Language?mode=view
COGSCIL 730,Language Analysis Methods: Phonology and Morphology,Daniel Pape,https://mcmaster.simplesyllabusca.com/doc/vwhzd1l54/Fall-2026-COGSCIL-730-C01-PAPED-Language-Analysis-Methods-Phonology-and-Morphology?mode=view
COMMERCE 2CO0,Co-op and Career Development Course,,https://mcmaster.simplesyllabusca.com/doc/765xzttj4/Fall-2026-COMMERCE-2CO0-C01-DLITTLE-Co-op-and-Career-Development-Course?mode=view
COMPENG 4TL4,Digital Signal Processing,Ratnasingham Tharmarasa,https://mcmaster.simplesyllabusca.com/doc/y2fie2pzs/Fall-2026-COMPENG-4TL4-L04-THARMR-Digital-Signal-Processing?mode=view
COMPSCI 3MI3,Principles of Programming Languages,JP Rooney,https://mcmaster.simplesyllabusca.com/doc/jwqp0i424/Fall-2026-COMPSCI-3MI3-C01-ROONEYJP-Principles-of-Programming-Languages?mode=view
DATASCI 2G03,Scientific Computing,James Wadsley,https://mcmaster.simplesyllabusca.com/doc/pjtwns377/Fall-2026-DATASCI-2G03-C01-WADSLEY-Scientific-Computing?mode=view
DEMOS 1A03,Demo,Josh Maurin,https://mcmaster.simplesyllabusca.com/doc/ln8uvdrc0/Fall-2026-DEMOS-1A03-C03-MAURINJJ-Demo?mode=view
EARTHSC 1G03,Earth and the Environment,Dr. Maureen Padden,https://mcmaster.simplesyllabusca.com/doc/ks8dwhz64/Fall-2026-EARTHSC-1G03-C01-PADDENM-Earth-and-the-Environment?mode=view
EARTHSC 2GG3,Natural Disasters,Maureen Padden,https://mcmaster.simplesyllabusca.com/doc/t44osy2ui/Fall-2026-EARTHSC-2GG3-C01-PADDENM-Natural-Disasters?mode=view
EARTHSC 3W03,Physical Hydrogeology,Sean K Carey,https://mcmaster.simplesyllabusca.com/doc/ddxlkedbq/Fall-2026-EARTHSC-3W03-C01-CAREYSK-Physical-Hydrogeology?mode=view
ECE 753,Modern Antennas in Wireless Telecommunications,Natalia Koleva Nikolova,https://mcmaster.simplesyllabusca.com/doc/ikikik6n2/Fall-2026-ECE-753-C01-TALIA-Modern-Antennas-in-Wireless-Telecommunications?mode=view
ECON 1ME3,Introduction to Mathematical Economics,Anastasios Papanastasiou,https://mcmaster.simplesyllabusca.com/doc/z31rzzl3g/Fall-2026-ECON-1ME3-C01-PAPANASA-Introduction-to-Mathematical-Economics?mode=view
ECON 2A03,Economics of Labour-Market Issues,Saeed-Ur-Rehman Rana,https://mcmaster.simplesyllabusca.com/doc/rqunmrlfb/Fall-2026-ECON-2A03-C01-RANAS3-Economics-of-Labour-Market-Issues?mode=view
ECON 2Z03,Intermediate Microeconomics I,,https://mcmaster.simplesyllabusca.com/doc/polmoc4pz/Fall-2026-ECON-2Z03-C02-HEZ13-Intermediate-Microeconomics-I?mode=view
ECON 2ZZ3,Intermediate Microeconomics II,Anastasios Papanastasiou,https://mcmaster.simplesyllabusca.com/doc/ipdj3wlsi/Fall-2026-ECON-2ZZ3-C01-PAPANASA-Intermediate-Microeconomics-II?mode=view
ECON 3B03,Public Sector Economics: Expenditures,Dr. Zhen He,https://mcmaster.simplesyllabusca.com/doc/usgitxxeb/Fall-2026-ECON-3B03-C01-HEZ13-Public-Sector-Economics-Expenditures?mode=view
ECON 3H03,International Monetary Economics,Zachary Mahone,https://mcmaster.simplesyllabusca.com/doc/6jdjxjb05/Fall-2026-ECON-3H03-C01-MAHONEZ-International-Monetary-Economics?mode=view
ECON 728,Macroeconomic Theory for Public Policy,Zachary Mahone,https://mcmaster.simplesyllabusca.com/doc/w2kjm60if/Fall-2026-ECON-728-C01-MAHONEZ-Macroeconomic-Theory-for-Public-Policy?mode=view
ECON 788,Health Economics,Michel Grignon,https://mcmaster.simplesyllabusca.com/doc/vczpn4ah9/Fall-2026-ECON-788-C01-GRIGNON-Health-Economics?mode=view
ELECENG 4FJ4,Devices and Antennas for Wireless Systems,Natalia K. Nikolova,https://mcmaster.simplesyllabusca.com/doc/46hduoiq9/Fall-2026-ELECENG-4FJ4-L03-TALIA-Devices-and-Antennas-for-Wireless-Systems?mode=view
ENGLISH 1F03,The Written World,David Hou,https://mcmaster.simplesyllabusca.com/doc/ncltx6ebz/Fall-2026-ENGLISH-1F03-C01-HOUYC-The-Written-World?mode=view
ENGLISH 1G03,Making and Unmaking Literary Traditions,Eugenia Zuroski,https://mcmaster.simplesyllabusca.com/doc/qwvgo5cg3/Fall-2026-ENGLISH-1G03-C01-ZJENKIN-Making-and-Unmaking-Literary-Traditions?mode=view
ENGLISH 2CC3,Settler Colonialism and Writing in Canada,Max Karpinski,https://mcmaster.simplesyllabusca.com/doc/xydgul13f/Fall-2026-ENGLISH-2CC3-C01-KARPINSM-Settler-Colonialism-and-Writing-in-Canada?mode=view
ENGLISH 2CW3,Genre in Creative Writing,Dr. Ki'en Debicki (they/them),https://mcmaster.simplesyllabusca.com/doc/naeced74e/Fall-2026-ENGLISH-2CW3-C01-DEBICKKS-Genre-in-Creative-Writing?mode=view
ENGLISH 2HT3,Shakespeare: Histories and Tragedies,David Hou,https://mcmaster.simplesyllabusca.com/doc/4ct4vwtav/Fall-2026-ENGLISH-2HT3-C01-HOUYC-Shakespeare-Histories-and-Tragedies?mode=view
ENGLISH 3CR3,Writing Out,Selena Kerr Middleton,https://mcmaster.simplesyllabusca.com/doc/jbukj0nxi/Fall-2026-ENGLISH-3CR3-C01-KERRSE-Writing-Out?mode=view
ENGLISH 3VC3,'We Other Victorians': Victorian Literature and Culture and Its Afterlives,Mahdiyeh Ezzatikarami,https://mcmaster.simplesyllabusca.com/doc/8n9sf0a1c/Fall-2026-ENGLISH-3VC3-C01-EZZATIKM-We-Other-Victorians-Victorian-Literature-and-Culture-and-Its-Afterlives?mode=view
ENGLISH 3W03,Contemporary Indigenous Literature of Turtle Island,Dr. Savage Bear C.M.,https://mcmaster.simplesyllabusca.com/doc/m15pyh7w0/Fall-2026-ENGLISH-3W03-C01-BEART-Contemporary-Indigenous-Literature-of-Turtle-Island?mode=view
ENGLISH 4CF3,Contemporary Fiction,Rachel O'Brien,https://mcmaster.simplesyllabusca.com/doc/u46e0v2m4/Fall-2026-ENGLISH-4CF3-C01-OBRIER8-Contemporary-Fiction?mode=view
ENGLISH 4E03,"Literature, Culture and Climate Catastrophe",Kelsey Leonard,https://mcmaster.simplesyllabusca.com/doc/f0u5z5fwg/Fall-2026-ENGLISH-4E03-C01-LEONARDK-Literature-Culture-and-Climate-Catastrophe?mode=view
ENGPHYS 2NE3,Thermal Systems Design,Peter Mascher,https://mcmaster.simplesyllabusca.com/doc/g0608harv/Fall-2026-ENGPHYS-2NE3-C01-MASCHER-Thermal-Systems-Design?mode=view
ENGPHYS 2NM4,Numerical Methods for Engineering,Michael Welland,https://mcmaster.simplesyllabusca.com/doc/4xmglz21u/Fall-2026-ENGPHYS-2NM4-C01-WELLANDM-Numerical-Methods-for-Engineering?mode=view
ENVIRSC 1C03,"Climate, Water and Environment",Luc Bernier,https://mcmaster.simplesyllabusca.com/doc/i1k8ytyvk/Fall-2026-ENVIRSC-1C03-C01-BERNIEJM-Climate-Water-and-Environment?mode=view
ENVIRSC 2C03,Surface Climate Processes and Environmental Interactions,Altaf Arain,https://mcmaster.simplesyllabusca.com/doc/cbcojk3th/Fall-2026-ENVIRSC-2C03-C01-ARAINM-Surface-Climate-Processes-and-Environmental-Interactions?mode=view
ENVIRSC 3O03,Contaminant Fate and Transport,Greg Slater,https://mcmaster.simplesyllabusca.com/doc/vc3oap1r3/Fall-2026-ENVIRSC-3O03-C01-GSLATER-Contaminant-Fate-and-Transport?mode=view
ENVIRSC 4MI3,Independent Study in Earth and Environmental Sciences,Luc Bernier,https://mcmaster.simplesyllabusca.com/doc/1jr02sg3w/Fall-2026-ENVIRSC-4MI3-C01-BERNIEJM-Independent-Study-in-Earth-and-Environmental-Sciences?mode=view
ENVSOCTY 2EI3,Environment & Society: Challenges and Solutions,Luc Bernier,https://mcmaster.simplesyllabusca.com/doc/ox7hzbfp0/Fall-2026-ENVSOCTY-2EI3-C01-BERNIEJM-Environment-Society-Challenges-and-Solutions?mode=view
ENVSOCTY 2GI3,Geographic Information Systems,Patrick DeLuca,https://mcmaster.simplesyllabusca.com/doc/n540i65px/Fall-2026-ENVSOCTY-2GI3-C01-DELUCAPF-Geographic-Information-Systems?mode=view
ENVSOCTY 3ER3,Sustainability and the Economy,Luc Bernier,https://mcmaster.simplesyllabusca.com/doc/1ar6qaryz/Fall-2026-ENVSOCTY-3ER3-C01-BERNIEJM-Sustainability-and-the-Economy?mode=view
ENVSOCTY 3LT3,Transport Geography and Planning,Lea Ravensbergen,https://mcmaster.simplesyllabusca.com/doc/sej6y782h/Fall-2026-ENVSOCTY-3LT3-C01-RAVENSBL-Transport-Geography-and-Planning?mode=view
ENVSOCTY 3SR3,Remote Sensing,Tenaw Workie,https://mcmaster.simplesyllabusca.com/doc/yppmkx68v/Fall-2026-ENVSOCTY-3SR3-C01-WORKIET-Remote-Sensing?mode=view
ENVSOCTY 3UW3,Cities of the Developing World,Abel Chikanda,https://mcmaster.simplesyllabusca.com/doc/ppyobtwng/Fall-2026-ENVSOCTY-3UW3-C01-CHIKANA-Cities-of-the-Developing-World?mode=view
ENVSOCTY 4GT3,Web GIS,Patrick Deluca,https://mcmaster.simplesyllabusca.com/doc/1m3crjuc0/Fall-2026-ENVSOCTY-4GT3-L01-DELUCAPF-Web-GIS?mode=view
ENVSOCTY 4HP3,Migration and Global Development,Abel Chikanda,https://mcmaster.simplesyllabusca.com/doc/gj9jmvce6/Fall-2026-ENVSOCTY-4HP3-C01-CHIKANA-Migration-and-Global-Development?mode=view
FRENCH 1AA3,Introduction to French Studies: Intermediate I,Dr. Eugenia Neves Dos Santos,https://mcmaster.simplesyllabusca.com/doc/mnoc188i1/Fall-2026-FRENCH-1AA3-C01-ESANTOS-Introduction-to-French-Studies-Intermediate-I?mode=view
FRENCH 1AA3,Introduction to French Studies: Intermediate I,Celine Assaf,https://mcmaster.simplesyllabusca.com/doc/76uut76d1/Fall-2026-FRENCH-1AA3-C02-ASSAFC1-Introduction-to-French-Studies-Intermediate-I?mode=view
FRENCH 1AA3,Introduction to French Studies: Intermediate I,Dr. Eugenia Neves Dos Santos,https://mcmaster.simplesyllabusca.com/doc/cmlglgrwd/Fall-2026-FRENCH-1AA3-C04-ESANTOS-Introduction-to-French-Studies-Intermediate-I?mode=view
FRENCH 1ZA3,Intensive French Beginner I,Emily Current,https://mcmaster.simplesyllabusca.com/doc/k0hbitvui/Fall-2026-FRENCH-1ZA3-C01-CURRENEJ-Intensive-French-Beginner-I?mode=view
FRENCH 1ZA3,Intensive French Beginner I,Dr. Eugenia Neves Dos Santos,https://mcmaster.simplesyllabusca.com/doc/dm09i452g/Fall-2026-FRENCH-1ZA3-C02-ESANTOS-Intensive-French-Beginner-I?mode=view
FRENCH 2AA3,Introduction to French Studies: Intermediate I,Celine Assaf,https://mcmaster.simplesyllabusca.com/doc/gn2ma6gks/Fall-2026-FRENCH-2AA3-C02-ASSAFC1-Introduction-to-French-Studies-Intermediate-I?mode=view
FRENCH 2CT3,Elementary Translation from French to English,Dr. Anne Popovich,https://mcmaster.simplesyllabusca.com/doc/1d8c2wsri/Fall-2026-FRENCH-2CT3-C01-POPOVA1-Elementary-Translation-from-French-to-English?mode=view
FRENCH 2I03,Professional French I,Dr. Eugenia Neves Dos Santos,https://mcmaster.simplesyllabusca.com/doc/hue15qaus/Fall-2026-FRENCH-2I03-C01-ESANTOS-Professional-French-I?mode=view
FRENCH 2XX3,French Movie Stars and Entertainers (Taught in English),Maria Geist,https://mcmaster.simplesyllabusca.com/doc/3fbahn75v/Fall-2026-FRENCH-2XX3-C01-GEISTMA-French-Movie-Stars-and-Entertainers-Taught-in-English?mode=view
FRENCH 2ZA3,Intensive French Elementary I,Dr. Eugenia Neves Dos Santos,https://mcmaster.simplesyllabusca.com/doc/w24uu6d0q/Fall-2026-FRENCH-2ZA3-C01-ESANTOS-Intensive-French-Elementary-I?mode=view
FRENCH 4T03,Independent Study,,https://mcmaster.simplesyllabusca.com/doc/12c4rwyx6/Fall-2026-FRENCH-4T03-C01-PAPILLJ-Independent-Study?mode=view
FRENCH 4U03,Topics in Literature and Culture of Quebec and Francophone Canada,Nicholas Serruys,https://mcmaster.simplesyllabusca.com/doc/y5qu7yr1v/Fall-2026-FRENCH-4U03-C01-SERRUYS-Topics-in-Literature-and-Culture-of-Quebec-and-Francophone-Canada?mode=view
FRENCH 6U03,Topics in Literature and Culture of Quebec and Francophone Canada,Nicholas Serruys,https://mcmaster.simplesyllabusca.com/doc/uu1mwss2p/Fall-2026-FRENCH-6U03-C01-SERRUYS-Topics-in-Literature-and-Culture-of-Quebec-and-Francophone-Canada?mode=view
FRENCH 729,Écrits de femmes québécois et franco-canadiens contemporains,,https://mcmaster.simplesyllabusca.com/doc/pbx2efq6w/Fall-2026-FRENCH-729-C01-PAPILLJ-crits-de-femmes-qu-b-cois-et-franco-canadiens-contemporains?mode=view
GENDRST 3RR3,"‘Cripping' Performance: Deaf, Mad and Disabled Performance in Canada",Dr. Syrus Marcus Ware,https://mcmaster.simplesyllabusca.com/doc/lchcn6y2x/Fall-2026-GENDRST-3RR3-C01-WARES-Cripping-Performance-Deaf-Mad-and-Disabled-Performance-in-Canada?mode=view
GENDRST 700,Theorizing Gender and Social Justice,Lara Campbell,https://mcmaster.simplesyllabusca.com/doc/22f5te0uy/Fall-2026-GENDRST-700-C01-CAMPBLAR-Theorizing-Gender-and-Social-Justice?mode=view
GEOG 721,Narratives of Science,Alexander Hall,https://mcmaster.simplesyllabusca.com/doc/nb1k75vi8/Fall-2026-GEOG-721-C01-HALLA45-Narratives-of-Science?mode=view
GERMAN 1BL3,Beginner German Language I,Dr. Anne Popovich,https://mcmaster.simplesyllabusca.com/doc/5wq9mnkbv/Fall-2026-GERMAN-1BL3-C01-POPOVA1-Beginner-German-Language-I?mode=view
GERMAN 2Q03,"Horror Film: Vampires, Monsters, and Mad Scientists (Taught in English)",Ekaterina Neklyudova,https://mcmaster.simplesyllabusca.com/doc/4irjy78le/Fall-2026-GERMAN-2Q03-C01-NEKLYUE-Horror-Film-Vampires-Monsters-and-Mad-Scientists-Taught-in-English?mode=view
GKROMST 1A03,Introduction to Greek and Roman Archaeology,Marshall Zuckerman,https://mcmaster.simplesyllabusca.com/doc/058w35wtj/Fall-2026-GKROMST-1A03-C01-ZUCKERMM-Introduction-to-Greek-and-Roman-Archaeology?mode=view
GKROMST 1B03,An Introduction to Ancient Myth and Literature,Kathryn Mattison,https://mcmaster.simplesyllabusca.com/doc/igjied6ek/Fall-2026-GKROMST-1B03-C01-MATTISK-An-Introduction-to-Ancient-Myth-and-Literature?mode=view
GKROMST 1M03,History of Greece and Rome,Jonathan Reeves,https://mcmaster.simplesyllabusca.com/doc/2tclt93mf/Fall-2026-GKROMST-1M03-C01-REEVESJM-History-of-Greece-and-Rome?mode=view
GKROMST 2BB3,Constructing the Ancient World,Cassius Di Maria,https://mcmaster.simplesyllabusca.com/doc/wmho37bnb/Fall-2026-GKROMST-2BB3-C01-DIMARIAC-Constructing-the-Ancient-World?mode=view
GKROMST 2HC3,Caesar and the Rise of Autocracy,Tyler Leblanc,https://mcmaster.simplesyllabusca.com/doc/nmchaj88z/Fall-2026-GKROMST-2HC3-C01-LEBLAT7-Caesar-and-the-Rise-of-Autocracy?mode=view
GKROMST 2K03,The Society of Greece and Rome,Julia de Milliano,https://mcmaster.simplesyllabusca.com/doc/cqxn2y601/Fall-2026-GKROMST-2K03-C01-DEMILLIJ-The-Society-of-Greece-and-Rome?mode=view
GKROMST 2MT3,Ancient Roots of Medical Terminology,Chris He,https://mcmaster.simplesyllabusca.com/doc/d3uoyi828/Fall-2026-GKROMST-2MT3-C01-HEX42-Ancient-Roots-of-Medical-Terminology?mode=view
GKROMST 2MT3,Ancient Roots of Medical Terminology,Dr. Stephen Russell,https://mcmaster.simplesyllabusca.com/doc/r2s3i4jfz/Fall-2026-GKROMST-2MT3-C02-RUSSELSC-Ancient-Roots-of-Medical-Terminology?mode=view
GKROMST 3ER3,Epics of Rome,Dr. Stephen Russell,https://mcmaster.simplesyllabusca.com/doc/48uzon07s/Fall-2026-GKROMST-3ER3-C01-RUSSELSC-Epics-of-Rome?mode=view
GKROMST 3MT3,Advanced Ancient Roots of Medical Terminology,Stephen Russell,https://mcmaster.simplesyllabusca.com/doc/jw8pehjky/Fall-2026-GKROMST-3MT3-C01-RUSSELSC-Advanced-Ancient-Roots-of-Medical-Terminology?mode=view
GKROMST 3S03,"Pompeii, Herculaneum, and Ostia",Naomi Neufeld,https://mcmaster.simplesyllabusca.com/doc/oo4pqwjfn/Fall-2026-GKROMST-3S03-C01-NEUFELNL-Pompeii-Herculaneum-and-Ostia?mode=view
GKROMST 4F03,Seminar in Ancient History,Jonathan Reeves,https://mcmaster.simplesyllabusca.com/doc/0o06pwh0l/Fall-2026-GKROMST-4F03-C01-TBD-Seminar-in-Ancient-History?mode=view
GKROMST 4RE3,Research Methods in Greek and Roman Studies,,https://mcmaster.simplesyllabusca.com/doc/a5nn7k22u/Fall-2026-GKROMST-4RE3-C01-BECKMAM-Research-Methods-in-Greek-and-Roman-Studies?mode=view
GKROMST 6RE3,Research Methods in Greek and Roman Studies,,https://mcmaster.simplesyllabusca.com/doc/m79j08t89/Fall-2026-GKROMST-6RE3-C01-BECKMAM-Research-Methods-in-Greek-and-Roman-Studies?mode=view
GKROMST 702,Latin Reading List,,https://mcmaster.simplesyllabusca.com/doc/nsjpwtspe/Fall-2026-GKROMST-702-C01-BECKMAM-Latin-Reading-List?mode=view
GKROMST 732,Reading in a Selected Greek Author,Jonathan Reeves,https://mcmaster.simplesyllabusca.com/doc/4n1bchc6u/Fall-2026-GKROMST-732-C01-REEVESJM-Reading-in-a-Selected-Greek-Author?mode=view
GKROMST 763,Reading in a Selected Latin Author,Stephen Russell,https://mcmaster.simplesyllabusca.com/doc/pavm1gaqk/Fall-2026-GKROMST-763-C01-RUSSELSC-Reading-in-a-Selected-Latin-Author?mode=view
GLOBHTH 721,Fundamentals of Global Surgery,Esther Chin,https://mcmaster.simplesyllabusca.com/doc/u7e2ob7xj/Fall-2026-GLOBHTH-721-01-CHINEA-Fundamentals-of-Global-Surgery?mode=view
GLOBHTH 723,"Program Planning, Monitoring, & Evaluation in Global Surgery",Dr. Maya Stevens-Uninsky,https://mcmaster.simplesyllabusca.com/doc/mst7opa0r/Fall-2026-GLOBHTH-723-01-STEVEM28-Program-Planning-Monitoring-Evaluation-in-Global-Surgery?mode=view
GREEK 1Z03,Beginner's Intensive Ancient Greek I,Simone Mollard,https://mcmaster.simplesyllabusca.com/doc/vvo6z11hm/Fall-2026-GREEK-1Z03-C01-MOLLARDS-Beginner-s-Intensive-Ancient-Greek-I?mode=view
GREEK 2A03,Intermediate Greek I,Maia Fiorelli,https://mcmaster.simplesyllabusca.com/doc/ee31rss38/Fall-2026-GREEK-2A03-C01-FIORELLM-Intermediate-Greek-I?mode=view
GREEK 3BB3,Topics in Greek Literature,Jonathan Reeves,https://mcmaster.simplesyllabusca.com/doc/glfjng01g/Fall-2026-GREEK-3BB3-C01-REEVESJM-Topics-in-Greek-Literature?mode=view
HISTORY 1CC3,"Ten Empires that Shaped our World, 500 BCE to Present",John Charles Weaver,https://mcmaster.simplesyllabusca.com/doc/mapqsiqqx/Fall-2026-HISTORY-1CC3-C01-JWEAVER-Ten-Empires-that-Shaped-our-World-500-BCE-to-Present?mode=view
HISTORY 1PP3,Pop Goes the Past!,,https://mcmaster.simplesyllabusca.com/doc/l0e6f78jp/Fall-2026-HISTORY-1PP3-C01-VANHORSJ-Pop-Goes-the-Past?mode=view
HISTORY 2CH3,Introduction to Critical Heritage Studies,Stephen Heathorn,https://mcmaster.simplesyllabusca.com/doc/wffr11btk/Fall-2026-HISTORY-2CH3-C01-HEATHS-Introduction-to-Critical-Heritage-Studies?mode=view
HISTORY 2HE3,History of Education in Canada,Megan Blair,https://mcmaster.simplesyllabusca.com/doc/1iczbzt65/Fall-2026-HISTORY-2HE3-C01-BLAIRM10-History-of-Education-in-Canada?mode=view
HISTORY 2JJ3,Africa Since 1800,Nnamdi Nnake,https://mcmaster.simplesyllabusca.com/doc/ev8cu0o6v/Fall-2026-HISTORY-2JJ3-C01-NNAKEN-Africa-Since-1800?mode=view
HISTORY 2ST3,"Empire, War, Welfare State: Britain, 1867-2020",Stephen Heathorn,https://mcmaster.simplesyllabusca.com/doc/24n3dm7rc/Fall-2026-HISTORY-2ST3-C01-HEATHS-Empire-War-Welfare-State-Britain-1867-2020?mode=view
HISTORY 3H03,Culture and Education in the Italian Renaissance,Megan Armstrong,https://mcmaster.simplesyllabusca.com/doc/ruvlnqxqk/Fall-2026-HISTORY-3H03-C01-MARMSTR-Culture-and-Education-in-the-Italian-Renaissance?mode=view
HISTORY 3J03,The United States in the 1960s,Diana Cucuz,https://mcmaster.simplesyllabusca.com/doc/ifw9o3vev/Fall-2026-HISTORY-3J03-C01-CUCUZD3-The-United-States-in-the-1960s?mode=view
HISTORY 3TR3,Trees and their Histories,Alison McQueen,https://mcmaster.simplesyllabusca.com/doc/zo1md1byq/Fall-2026-HISTORY-3TR3-C01-AJMCQ-Trees-and-their-Histories?mode=view
HISTORY 3XX3,Human Rights in History,Ross Ryan,https://mcmaster.simplesyllabusca.com/doc/jz7ec1w3u/Fall-2026-HISTORY-3XX3-C01-RYANR-Human-Rights-in-History?mode=view
HISTORY 4DW3,Indigenous History in a Decolonizing World,Dr. Allan Downey,https://mcmaster.simplesyllabusca.com/doc/ioq8ycfec/Fall-2026-HISTORY-4DW3-C01-DOWNEA2-Indigenous-History-in-a-Decolonizing-World?mode=view
HISTORY 4G03,Nation and Genocide in the Modern World,Sarah Whitwell,https://mcmaster.simplesyllabusca.com/doc/yltmj7awh/Fall-2026-HISTORY-4G03-C01-WHITWESE-Nation-and-Genocide-in-the-Modern-World?mode=view
HISTORY 4QQ3,The Soviet Experience,Tracy Mcdonald,https://mcmaster.simplesyllabusca.com/doc/poiy27stf/Fall-2026-HISTORY-4QQ3-C01-TMCDON-The-Soviet-Experience?mode=view
HISTORY 741,Historiography,,https://mcmaster.simplesyllabusca.com/doc/7ebrxvx58/Fall-2026-HISTORY-741-C01-TMCDON-Historiography?mode=view
HLTHAGE 4S03,Urban Health Inequalities and the Housing Crisis,James Dunn,https://mcmaster.simplesyllabusca.com/doc/ptxqhm2cp/Fall-2026-HLTHAGE-4S03-C01-DUNNJAM-Urban-Health-Inequalities-and-the-Housing-Crisis?mode=view
HTHSCI 2SG3,Introduction to Sex/Gender & Health,Stacey Ritz,https://mcmaster.simplesyllabusca.com/doc/b74tm6r7f/Fall-2026-HTHSCI-2SG3-C01-RITZSA-Introduction-to-Sex-Gender-Health?mode=view
HTHSCI 4SG3,Sex/Gender in Health Research,Stacey Ritz,https://mcmaster.simplesyllabusca.com/doc/k6kutreyo/Fall-2026-HTHSCI-4SG3-C01-RITZSA-Sex-Gender-in-Health-Research?mode=view
HUMBEHV 3IP3A,Inquiry Project,Taylor Bowker,https://mcmaster.simplesyllabusca.com/doc/7o2hryg16/Fall-2026-HUMBEHV-3IP3A-C01-AKHAN-Inquiry-Project?mode=view
HUMBEHV 3IP3S,Inquiry Project,Taylor Bowker,https://mcmaster.simplesyllabusca.com/doc/iw41yplb9/Fall-2026-HUMBEHV-3IP3S-C01-AKHAN-Inquiry-Project?mode=view
HUMBEHV 4HB3,Seminar in Applied Psychology,Nicholas Bock,https://mcmaster.simplesyllabusca.com/doc/byegqke9w/Fall-2026-HUMBEHV-4HB3-C01-BOCKN-Seminar-in-Applied-Psychology?mode=view
HUMBEHV 4HC3,Seminar in Applied Psychology,Taigan MacGowan - you can call me Dr. Mac!,https://mcmaster.simplesyllabusca.com/doc/86b7n437a/Fall-2026-HUMBEHV-4HC3-C01-MACGOWAT-Seminar-in-Applied-Psychology?mode=view
HUMBEHV 4IP3A,Senior Inquiry Project,Taylor Bowker,https://mcmaster.simplesyllabusca.com/doc/cl7ovxlju/Fall-2026-HUMBEHV-4IP3A-C01-AKHAN-Senior-Inquiry-Project?mode=view
HUMBEHV 4IP3S,Senior Inquiry Project,Taylor Bowker,https://mcmaster.simplesyllabusca.com/doc/lh5t0c278/Fall-2026-HUMBEHV-4IP3S-C01-AKHAN-Senior-Inquiry-Project?mode=view
HUMBEHV 4RP6A,Independent Research Project,Taylor Bowker,https://mcmaster.simplesyllabusca.com/doc/7icq8yp4i/Fall-2026-HUMBEHV-4RP6A-C01-TBD-Independent-Research-Project?mode=view
IARTS 1BD3,2D Practices in Art,Briana Palmer,https://mcmaster.simplesyllabusca.com/doc/en7k12s8f/Fall-2026-IARTS-1BD3-C01-PALMEBR-2D-Practices-in-Art?mode=view
IARTS 1CR3,Acting: Body and Voice,Anna Chatterton,https://mcmaster.simplesyllabusca.com/doc/b5ok0rswz/Fall-2026-IARTS-1CR3-C01-CHATTA10-Acting-Body-and-Voice?mode=view
IARTS 1SS3,3D Practices in Art,,https://mcmaster.simplesyllabusca.com/doc/uzp5jzagx/Fall-2026-IARTS-1SS3-C01-LAGANSE-3D-Practices-in-Art?mode=view
IARTS 2CD3,Contemporary Approaches to Drawing Practices,Christine Swintak (she/her/they),https://mcmaster.simplesyllabusca.com/doc/vs5ueiox0/Fall-2026-IARTS-2CD3-C01-SWINTAKC-Contemporary-Approaches-to-Drawing-Practices?mode=view
IARTS 2CP3,Introduction to Critical Curatorial Perspectives,,https://mcmaster.simplesyllabusca.com/doc/koj35uk9w/Fall-2026-IARTS-2CP3-C01-CROSSMAA-Introduction-to-Critical-Curatorial-Perspectives?mode=view
IARTS 2EP3,3D and Expanded Practices,Swintak (she/her/they),https://mcmaster.simplesyllabusca.com/doc/qilp4zzcw/Fall-2026-IARTS-2EP3-C01-SWINTAKC-3D-and-Expanded-Practices?mode=view
IARTS 2PM3,Contemporary Approaches to Print Media,Briana Palmer,https://mcmaster.simplesyllabusca.com/doc/k0r43omsa/Fall-2026-IARTS-2PM3-C01-PALMEBR-Contemporary-Approaches-to-Print-Media?mode=view
IARTS 2RR3,Project Development 2,Swintak (she/her/they),https://mcmaster.simplesyllabusca.com/doc/nreorivul/Fall-2026-IARTS-2RR3-C01-SWINTAKC-Project-Development-2?mode=view
IARTS 3AA3,Modernist Theatre and Drama in Europe,Dr. Joseph Sokalski,https://mcmaster.simplesyllabusca.com/doc/n51qe1dhh/Fall-2026-IARTS-3AA3-C01-SOKALSKI-Modernist-Theatre-and-Drama-in-Europe?mode=view
IARTS 3EC3,Early Cinema History,Dr. Joseph Sokalski,https://mcmaster.simplesyllabusca.com/doc/xm10jbrev/Fall-2026-IARTS-3EC3-C01-SOKALSKI-Early-Cinema-History?mode=view
IARTS 3ID3,Integrated Media and Materiality: Installation and Performance,Swintak (she/her/they),https://mcmaster.simplesyllabusca.com/doc/xvvtkjddj/Fall-2026-IARTS-3ID3-C01-SWINTAKC-Integrated-Media-and-Materiality-Installation-and-Performance?mode=view
IARTS 3IM3,Transdisciplinary and Hybrid Studio Practices,Briana Palmer,https://mcmaster.simplesyllabusca.com/doc/eyyzhbtr6/Fall-2026-IARTS-3IM3-C01-PALMEBR-Transdisciplinary-and-Hybrid-Studio-Practices?mode=view
IARTS 3RC3,Collaborative Project Development and Production 1,Briana Palmer,https://mcmaster.simplesyllabusca.com/doc/ldrjkrgrg/Fall-2026-IARTS-3RC3-C01-PALMEBR-Collaborative-Project-Development-and-Production-1?mode=view
IARTS 3RR3,"'Cripping' Performance: Deaf, Mad and Disabled Performance in Canada",Dr. Syrus Marcus Ware,https://mcmaster.simplesyllabusca.com/doc/l8dmxsh7x/Fall-2026-IARTS-3RR3-C01-WARES-Cripping-Performance-Deaf-Mad-and-Disabled-Performance-in-Canada?mode=view
IARTS 4AE3,"Art, Climate, Justice and the Environment",Syrus Marcus Ware,https://mcmaster.simplesyllabusca.com/doc/m9z4lw1l2/Fall-2026-IARTS-4AE3-C01-WARES-Art-Climate-Justice-and-the-Environment?mode=view
IARTS 4C06A,Thesis Project,Carmela Alfaro-Laganse,https://mcmaster.simplesyllabusca.com/doc/ibsvin9zu/Fall-2026-IARTS-4C06A-C01-WARES-Thesis-Project?mode=view
IARTS 4C12A,Project Capstone Thesis,Carmela Alfaro-Laganse,https://mcmaster.simplesyllabusca.com/doc/2pien5tes/Fall-2026-IARTS-4C12A-C01-WARES-Project-Capstone-Thesis?mode=view
IARTS 4CS6A,Critical Curatorial Studies,,https://mcmaster.simplesyllabusca.com/doc/3jg7a239f/Fall-2026-IARTS-4CS6A-C01-CROSSMAA-Critical-Curatorial-Studies?mode=view
IARTS 4D03,"Theatre, Society and Early Cinema",Dr. Joseph Sokalski,https://mcmaster.simplesyllabusca.com/doc/ltzb000iy/Fall-2026-IARTS-4D03-C01-SOKALSKI-Theatre-Society-and-Early-Cinema?mode=view
IBEHS 4F04,Biomedical Instrumentation and Measurement,Jonathon White,https://mcmaster.simplesyllabusca.com/doc/5ol4snqlx/Fall-2026-IBEHS-4F04-T01-WHITEJ51-Biomedical-Instrumentation-and-Measurement?mode=view
IBH 1BB3,Insight and Inquiry: Examining Ourselves and the World around Us,Alpha Abebe,https://mcmaster.simplesyllabusca.com/doc/3cld1u1dd/Fall-2026-IBH-1BB3-C01-ABEBEA-Insight-and-Inquiry-Examining-Ourselves-and-the-World-around-Us?mode=view
IBH 1BD3,Introduction to Peace Studies for IBH,Alpha Abebe,https://mcmaster.simplesyllabusca.com/doc/cd7xsish4/Fall-2026-IBH-1BD3-C01-ABEBEA-Introduction-to-Peace-Studies-for-IBH?mode=view
IBH 3AA3,Research in Action: Methods for Social Change and Justice,Alpha Abebe,https://mcmaster.simplesyllabusca.com/doc/t0t2s34jo/Fall-2026-IBH-3AA3-C01-ABEBEA-Research-in-Action-Methods-for-Social-Change-and-Justice?mode=view
INDIGST 1A03,Introduction to Indigenous Studies,Jarita Greyeyes,https://mcmaster.simplesyllabusca.com/doc/dnw5n7uw6/Fall-2026-INDIGST-1A03-C01-GREYEYES-Introduction-to-Indigenous-Studies?mode=view
INDIGST 1G03,"""Transition - Gaodadeihwahni:ya:s \""They are strengthening their knowledge\""""",Rebecca Seles,https://mcmaster.simplesyllabusca.com/doc/nbol9vj2u/Fall-2026-INDIGST-1G03-C01-SELESDRR-Transition-Gaodadeihwahni-ya-s-They-are-strengthening-their-knowledge?mode=view
INDIGST 2D03,Traditional Indigenous Ecological Knowledge,Kitty RLynn Lickers,https://mcmaster.simplesyllabusca.com/doc/wmnrtcl54/Fall-2026-INDIGST-2D03-C01-LICKERSK-Traditional-Indigenous-Ecological-Knowledge?mode=view
INDIGST 2HW3,We Are the Medicine: Indigenous Teachings in Health and Wellbeing,Dr. Kelsey Leonard,https://mcmaster.simplesyllabusca.com/doc/tzmc13u7u/Fall-2026-INDIGST-2HW3-C01-LEONARDK-We-Are-the-Medicine-Indigenous-Teachings-in-Health-and-Wellbeing?mode=view
INDIGST 2MM3,Indigenous Ways of Knowing: Theory,,https://mcmaster.simplesyllabusca.com/doc/352nokyyz/Fall-2026-INDIGST-2MM3-C01-DOWNEA2-Indigenous-Ways-of-Knowing-Theory?mode=view
INDIGST 2N03,Perspectives on Indigenous and Eurocentric Astronomy,Dr Robert Cockcroft,https://mcmaster.simplesyllabusca.com/doc/elwxdu5r0/Fall-2026-INDIGST-2N03-T01-COCKCRR-Perspectives-on-Indigenous-and-Eurocentric-Astronomy?mode=view
INDIGST 3VV3,The Indian Act: A Social Problem,Vanessa Watts,https://mcmaster.simplesyllabusca.com/doc/fzr3d4j46/Fall-2026-INDIGST-3VV3-C01-WATTSV-The-Indian-Act-A-Social-Problem?mode=view
INDIGST 4T06A,Honours Thesis,Robert Innes,https://mcmaster.simplesyllabusca.com/doc/7ckozgvkj/Fall-2026-INDIGST-4T06A-C01-INNESR3-Honours-Thesis?mode=view
INDIGST 705,Indigenous Studies Graduate Reading Course,Jarita Greyeyes,https://mcmaster.simplesyllabusca.com/doc/3752imrsu/Fall-2026-INDIGST-705-C01-GREYEYES-Indigenous-Studies-Graduate-Reading-Course?mode=view
INDIGST 705,Indigenous Studies Graduate Reading Course,Jarita Greyeyes,https://mcmaster.simplesyllabusca.com/doc/591xro1i0/Fall-2026-INDIGST-705-C03-GREYEYES-Indigenous-Studies-Graduate-Reading-Course?mode=view
INDIGST 705,Indigenous Studies Graduate Reading Course,Adrianne Xavier,https://mcmaster.simplesyllabusca.com/doc/m5vvyth5p/Fall-2026-INDIGST-705-C05-LICKERAM-Indigenous-Studies-Graduate-Reading-Course?mode=view
INSPIRE 2ED3,Principles & Practices of Transformative Teaching & Learning,"Sara Karn, PhD, BEd, OCT",https://mcmaster.simplesyllabusca.com/doc/gzuzg5eh4/Fall-2026-INSPIRE-2ED3-C01-KARNS1-Principles-Practices-of-Transformative-Teaching-Learning?mode=view
ISCI 2A18A,Integrated Science II,Chad Harvey,https://mcmaster.simplesyllabusca.com/doc/d2uhphhho/Fall-2026-ISCI-2A18A-C01-HARVECH-Integrated-Science-II?mode=view
ISCI 3A12A,Integrated Science III,Russ Ellis,https://mcmaster.simplesyllabusca.com/doc/d31cf2yem/Fall-2026-ISCI-3A12A-C01-HARVECH-Integrated-Science-III?mode=view
ISCI 4A12A,Integrated Science IV,Chad Harvey,https://mcmaster.simplesyllabusca.com/doc/z468kwzea/Fall-2026-ISCI-4A12A-C01-HARVECH-Integrated-Science-IV?mode=view
JAPANESE 1BL3,Beginner Japanese Language I,Sonomi Consul,https://mcmaster.simplesyllabusca.com/doc/5tkh5jakb/Fall-2026-JAPANESE-1BL3-C01-CONSULS-Beginner-Japanese-Language-I?mode=view
JAPANESE 2X03,Japanese Anime (Taught in English),Sonomi Consul,https://mcmaster.simplesyllabusca.com/doc/nzfcbmyhg/Fall-2026-JAPANESE-2X03-C01-CONSULS-Japanese-Anime-Taught-in-English?mode=view
KINESIOL 1A03,Human Anatomy and Physiology I,Krista Howarth,https://mcmaster.simplesyllabusca.com/doc/tbfrpdkqz/Fall-2026-KINESIOL-1A03-C01-HOWARTK-Human-Anatomy-and-Physiology-I?mode=view
KINESIOL 1Y03,Human Anatomy and Physiology I,Krista Howarth,https://mcmaster.simplesyllabusca.com/doc/uy21rusgr/Fall-2026-KINESIOL-1Y03-C01-HOWARTK-Human-Anatomy-and-Physiology-I?mode=view
KINESIOL 2CC3,Cardiorespiratory and Metabolic Exercise Physiology,Martin Gibala,https://mcmaster.simplesyllabusca.com/doc/lbh6g4x4x/Fall-2026-KINESIOL-2CC3-C01-GIBALAM-Cardiorespiratory-and-Metabolic-Exercise-Physiology?mode=view
KINESIOL 2E03,Musculoskeletal Anatomy,Krista Madsen,https://mcmaster.simplesyllabusca.com/doc/1lolxt81d/Fall-2026-KINESIOL-2E03-C01-MADSENK-Musculoskeletal-Anatomy?mode=view
KINESIOL 2Y03,Human Anatomy and Physiology I,Krista Howarth,https://mcmaster.simplesyllabusca.com/doc/jk4who8lk/Fall-2026-KINESIOL-2Y03-C01-HOWARTKR-Human-Anatomy-and-Physiology-I?mode=view
KINESIOL 3AA3,Biomechanics II,Ryan Chhiba,https://mcmaster.simplesyllabusca.com/doc/p0hcl7fcn/Fall-2026-KINESIOL-3AA3-C01-CHHIBAR-Biomechanics-II?mode=view
KINESIOL 3F03,Athletic Training & Conditioning,Dylan Whitbread,https://mcmaster.simplesyllabusca.com/doc/3ne15i3zn/Fall-2026-KINESIOL-3F03-C01-WHITBRDJ-Athletic-Training-Conditioning?mode=view
KINESIOL 3H03,Exercise Psychology,Steven Bray,https://mcmaster.simplesyllabusca.com/doc/xlnt32qae/Fall-2026-KINESIOL-3H03-C01-SBRAY-Exercise-Psychology?mode=view
KINESIOL 3K03,Sports Injuries,Krista Madsen,https://mcmaster.simplesyllabusca.com/doc/ujtv84mf6/Fall-2026-KINESIOL-3K03-C01-MADSENK-Sports-Injuries?mode=view
KINESIOL 3N03,Ergonomics I: Workplace Injury Risk Assessment,Peter Keir,https://mcmaster.simplesyllabusca.com/doc/k0qmuwz3a/Fall-2026-KINESIOL-3N03-C01-PJKEIR-Ergonomics-I-Workplace-Injury-Risk-Assessment?mode=view
KINESIOL 3U03,Human Growth and Maturation,Claire Tuckey,https://mcmaster.simplesyllabusca.com/doc/suu29yymw/Fall-2026-KINESIOL-3U03-C01-TUCKEYC-Human-Growth-and-Maturation?mode=view
KINESIOL 3W03,Cardiovascular Physiology of Exercise,Elric Allison,https://mcmaster.simplesyllabusca.com/doc/2qmbzbpu4/Fall-2026-KINESIOL-3W03-C01-ALLISE-Cardiovascular-Physiology-of-Exercise?mode=view
KINESIOL 3Z03,Neuromuscular Plasticity in Health and Disease,"Vladimir Ljubicic, PhD",https://mcmaster.simplesyllabusca.com/doc/kpd5g2ujg/Fall-2026-KINESIOL-3Z03-C01-LJUBIC-Neuromuscular-Plasticity-in-Health-and-Disease?mode=view
KINESIOL 4EE3,Professional Placement in Kinesiology,Claire Tuckey,https://mcmaster.simplesyllabusca.com/doc/0ue4c6kbk/Fall-2026-KINESIOL-4EE3-C01-TUCKEYC-Professional-Placement-in-Kinesiology?mode=view
KINESIOL 4IE3,Innovation and Entrepreneurship in Kinesiology,Dr. Sydney Valentino,https://mcmaster.simplesyllabusca.com/doc/69vu4422b/Fall-2026-KINESIOL-4IE3-C01-TBD-Innovation-and-Entrepreneurship-in-Kinesiology?mode=view
KINESIOL 4SS3,Human Aging: Biological and Lifestyle Influences,Joshua Nederveen,https://mcmaster.simplesyllabusca.com/doc/bd21irqp4/Fall-2026-KINESIOL-4SS3-C01-NEDERVJ-Human-Aging-Biological-and-Lifestyle-Influences?mode=view
KINESIOL 4UU3,Selected Topics in Kinesiology I,Claire Tuckey,https://mcmaster.simplesyllabusca.com/doc/2igy6y34b/Fall-2026-KINESIOL-4UU3-C01-TBD-Selected-Topics-in-Kinesiology-I?mode=view
KINESIOL 4W03,Exploring Movement and Posture,Krista Madsen,https://mcmaster.simplesyllabusca.com/doc/va0gyc7ch/Fall-2026-KINESIOL-4W03-C01-MADSENK-Exploring-Movement-and-Posture?mode=view
KINESIOL 4XX3,Selected Topics in Kinesiology III,Amanda Johnson,https://mcmaster.simplesyllabusca.com/doc/8o2us0478/Fall-2026-KINESIOL-4XX3-C01-JOHNSA47-Selected-Topics-in-Kinesiology-III?mode=view
KOREAN 1BL3,Beginner Korean Language I,Dr. Ariel Kim,https://mcmaster.simplesyllabusca.com/doc/wkdfyra4z/Fall-2026-KOREAN-1BL3-C01-KIMA54-Beginner-Korean-Language-I?mode=view
LANGCUL 1X03,"Language, Communication, and Context",Claudia Huelgas,https://mcmaster.simplesyllabusca.com/doc/mmct39idc/Fall-2026-LANGCUL-1X03-C01-HUELGAC-Language-Communication-and-Context?mode=view
LATIN 1Z03,Beginner's Intensive Latin I,Emily Lamond,https://mcmaster.simplesyllabusca.com/doc/6r4o4qpql/Fall-2026-LATIN-1Z03-C01-LAMONDEA-Beginner-s-Intensive-Latin-I?mode=view
LATIN 1Z03,Beginner's Intensive Latin I,Heva Olfman,https://mcmaster.simplesyllabusca.com/doc/buj11t1hf/Fall-2026-LATIN-1Z03-C02-OLFMANH-Beginner-s-Intensive-Latin-I?mode=view
LATIN 3H03,Topics in Latin Poetry,Dr. Stephen Russell,https://mcmaster.simplesyllabusca.com/doc/v5x6ixamm/Fall-2026-LATIN-3H03-C01-RUSSELSC-Topics-in-Latin-Poetry?mode=view
LIFESCI 2A03,Research Methods in Life Sciences,Dr. Ana Tomljenovic-Berube,https://mcmaster.simplesyllabusca.com/doc/fpvsdjhsd/Fall-2026-LIFESCI-2A03-C01-TOMLJEAM-Research-Methods-in-Life-Sciences?mode=view
LIFESCI 2CC3,Fundamentals of Neuroscience,Dr. Veronica Rodriguez Moncalvo,https://mcmaster.simplesyllabusca.com/doc/4446v2c01/Fall-2026-LIFESCI-2CC3-C01-RODRIGVG-Fundamentals-of-Neuroscience?mode=view
LIFESCI 2D03,Behavioural Processes,Sina Zarini,https://mcmaster.simplesyllabusca.com/doc/754rx8cpt/Fall-2026-LIFESCI-2D03-C01-AKHAN-Behavioural-Processes?mode=view
LIFESCI 2L03,Living Systems Laboratory,Dr. Ana Tomljenovic-Berube (Lead Instructor),https://mcmaster.simplesyllabusca.com/doc/ok0n84x3v/Fall-2026-LIFESCI-2L03-C01-TOMLJEAM-Living-Systems-Laboratory?mode=view
LIFESCI 3BB3,Neurobiology of Disease,Nikol Piskuric,https://mcmaster.simplesyllabusca.com/doc/sbiawe1pj/Fall-2026-LIFESCI-3BB3-C01-PISKURN-Neurobiology-of-Disease?mode=view
LIFESCI 3EP3,Life Sciences Applied Placement,Dr. Veronica Rodriguez Moncalvo,https://mcmaster.simplesyllabusca.com/doc/0i7bobbpj/Fall-2026-LIFESCI-3EP3-C01-RODRIGVG-Life-Sciences-Applied-Placement?mode=view
LIFESCI 3L03,Laboratory Methods in Life Sciences,Dr. Ana Campos,https://mcmaster.simplesyllabusca.com/doc/6o0ka6i2q/Fall-2026-LIFESCI-3L03-C01-BELOWIR-Laboratory-Methods-in-Life-Sciences?mode=view
LIFESCI 3LA3,Introduction to Data Literacy,Ryan Belowitz,https://mcmaster.simplesyllabusca.com/doc/dfd5xhsqs/Fall-2026-LIFESCI-3LA3-C01-JOHNSH26-Introduction-to-Data-Literacy?mode=view
LIFESCI 3M03,Cellular Dynamics in Health and Disease,Dr. Shaiya Robinson,https://mcmaster.simplesyllabusca.com/doc/mr33m2jjd/Fall-2026-LIFESCI-3M03-C01-ROBINS9-Cellular-Dynamics-in-Health-and-Disease?mode=view
LIFESCI 3N03,Human Nutritional Toxicology,Veronica Rodriguez Moncalvo,https://mcmaster.simplesyllabusca.com/doc/2s7ils5fc/Fall-2026-LIFESCI-3N03-C01-RODRIGVG-Human-Nutritional-Toxicology?mode=view
LIFESCI 3RP3,Life Sciences Research Practicum,Dr. Veronica Rodriguez Moncalvo,https://mcmaster.simplesyllabusca.com/doc/3880b6wq4/Fall-2026-LIFESCI-3RP3-C01-RODRIGVG-Life-Sciences-Research-Practicum?mode=view
LIFESCI 3W03,Genetic and Epigenetic Determinants of Health: Role in Health Disparity,Dr. Shaiya Robinson,https://mcmaster.simplesyllabusca.com/doc/4qtgmgd2k/Fall-2026-LIFESCI-3W03-C01-ROBINS9-Genetic-and-Epigenetic-Determinants-of-Health-Role-in-Health-Disparity?mode=view
LIFESCI 4B09A,Independent Thesis,Veronica Rodriguez Moncalvo,https://mcmaster.simplesyllabusca.com/doc/wa4vv1dm1/Fall-2026-LIFESCI-4B09A-C01-RODRIGVG-Independent-Thesis?mode=view
LIFESCI 4EP6A,Life Sciences Advanced Placement,Veronica Rodriguez Moncalvo,https://mcmaster.simplesyllabusca.com/doc/nafc5zqrd/Fall-2026-LIFESCI-4EP6A-C01-RODRIGVG-Life-Sciences-Advanced-Placement?mode=view
LIFESCI 4J03,Science Communication in the Media,Katie Moisse,https://mcmaster.simplesyllabusca.com/doc/dtpgxu2rd/Fall-2026-LIFESCI-4J03-C01-MOISSEK-Science-Communication-in-the-Media?mode=view
LIFESCI 4L03,Our Invisible Body: Microbes and Human Health,Dr. Ana Tomljenovic-Berube,https://mcmaster.simplesyllabusca.com/doc/tgdrhxzut/Fall-2026-LIFESCI-4L03-C01-TOMLJEAM-Our-Invisible-Body-Microbes-and-Human-Health?mode=view
LIFESCI 4U03,Mechanisms of Disease,Veronica Rodriguez Moncalvo,https://mcmaster.simplesyllabusca.com/doc/d53g8chk0/Fall-2026-LIFESCI-4U03-C01-RODRIGVG-Mechanisms-of-Disease?mode=view
LINGUIST 1A03,"Introduction to Linguistics: Speaking, Signing and Hearing",Daniel Pape,https://mcmaster.simplesyllabusca.com/doc/16hdwcb1h/Fall-2026-LINGUIST-1A03-C01-PAPED-Introduction-to-Linguistics-Speaking-Signing-and-Hearing?mode=view
LINGUIST 1E03,Introduction to English Linguistics I,Stefania Kyriakidou,https://mcmaster.simplesyllabusca.com/doc/u75rjl15k/Fall-2026-LINGUIST-1E03-C01-KYRIAKIS-Introduction-to-English-Linguistics-I?mode=view
LINGUIST 2L03,Phonetics,Daniel Pape,https://mcmaster.simplesyllabusca.com/doc/un2rdiakd/Fall-2026-LINGUIST-2L03-C01-PAPED-Phonetics?mode=view
LINGUIST 2PS3,Psycholinguistics,Phoebe Gaston,https://mcmaster.simplesyllabusca.com/doc/1wxt1wno5/Fall-2026-LINGUIST-2PS3-C01-GASTONP-Psycholinguistics?mode=view
LINGUIST 2SL3,Introduction to American Sign Language,Mary Edward,https://mcmaster.simplesyllabusca.com/doc/v2kfsrpem/Fall-2026-LINGUIST-2SL3-C01-EDWARM30-Introduction-to-American-Sign-Language?mode=view
LINGUIST 3AA3,Linguistics in the Real World,Dr. Sophia Melanson Ricciardone,https://mcmaster.simplesyllabusca.com/doc/ag44ew4dt/Fall-2026-LINGUIST-3AA3-C01-MELANS1-Linguistics-in-the-Real-World?mode=view
LINGUIST 3II3,Semantics,Ivona Kucerova,https://mcmaster.simplesyllabusca.com/doc/yxl9dp6js/Fall-2026-LINGUIST-3II3-C01-KUCEROV-Semantics?mode=view
LINGUIST 3LA3,Introduction to Second Language Acquisition,Mary Edward,https://mcmaster.simplesyllabusca.com/doc/s509d11un/Fall-2026-LINGUIST-3LA3-C01-EDWARM30-Introduction-to-Second-Language-Acquisition?mode=view
LINGUIST 3LA3,Introduction to Second Language Acquisition,Mary Edward,https://mcmaster.simplesyllabusca.com/doc/1ue6sh8l3/Fall-2026-LINGUIST-3LA3-C01-TBD-Introduction-to-Second-Language-Acquisition?mode=view
LINGUIST 3M03,Morphology,Alison Biggs,https://mcmaster.simplesyllabusca.com/doc/y6xcmzwkd/Fall-2026-LINGUIST-3M03-C01-BIGGSA2-Morphology?mode=view
LINGUIST 4D03,Computers and Linguistic Analysis,Dr. Daniel Schmidtke,https://mcmaster.simplesyllabusca.com/doc/1ajimktnf/Fall-2026-LINGUIST-4D03-C01-SCHMIDDF-Computers-and-Linguistic-Analysis?mode=view
LINGUIST 4LX3,The Structure of X,Kurtis Commanda,https://mcmaster.simplesyllabusca.com/doc/mk03ce7wo/Fall-2026-LINGUIST-4LX3-C01-COMMANDK-The-Structure-of-X?mode=view
LINGUIST 4SL3,SLP Practicum,Dr. Sophia Melanson Ricciardone,https://mcmaster.simplesyllabusca.com/doc/7nszlxwos/Fall-2026-LINGUIST-4SL3-C01-MELANS1-SLP-Practicum?mode=view
MATH 1B03,Linear Algebra I,(C02) Erin Clements,https://mcmaster.simplesyllabusca.com/doc/l42gfm2l4/Fall-2026-MATH-1B03-C02-CLEMENE-Linear-Algebra-I?mode=view
MATH 1C03,Introduction to Mathematical Reasoning,Dr. Gregory Cousins,https://mcmaster.simplesyllabusca.com/doc/5k1lfhkfu/Fall-2026-MATH-1C03-C01-COUSINGD-Introduction-to-Mathematical-Reasoning?mode=view
MATH 1K03,Advanced Functions,Evan Mitchell,https://mcmaster.simplesyllabusca.com/doc/70xrspzif/Fall-2026-MATH-1K03-C01-MITCHEEJ-Advanced-Functions?mode=view
MATH 1LS3,Calculus for the Life Sciences I,Caroline Junkins (C01 and C03),https://mcmaster.simplesyllabusca.com/doc/x0tir7he9/Fall-2026-MATH-1LS3-C01-JUNKINC-Calculus-for-the-Life-Sciences-I?mode=view
MATH 1MP3,Introduction to Mathematical Scientific Computation,Blaise Bourdin,https://mcmaster.simplesyllabusca.com/doc/xbss8z134/Fall-2026-MATH-1MP3-C01-BOURDINB-Introduction-to-Mathematical-Scientific-Computation?mode=view
MATH 1ZA3,Engineering Mathematics I,Aaron Childs,https://mcmaster.simplesyllabusca.com/doc/zvlzjwwlc/Fall-2026-MATH-1ZA3-C01-CHILDSA-Engineering-Mathematics-I?mode=view
MATH 1ZC3,Engineering Mathematics II-B,Christopher Mclean,https://mcmaster.simplesyllabusca.com/doc/e3bh8ra6x/Fall-2026-MATH-1ZC3-C01-MCLEAC3-Engineering-Mathematics-II-B?mode=view
MATH 2C03,Introduction to Differential Equations,Professor David Earn,https://mcmaster.simplesyllabusca.com/doc/ugyvtxsi1/Fall-2026-MATH-2C03-C01-EARN-Introduction-to-Differential-Equations?mode=view
MATH 2MC3,Multivariable Calculus,Evan Mitchell,https://mcmaster.simplesyllabusca.com/doc/cdtx8xu3y/Fall-2026-MATH-2MC3-C01-MITCHEEJ-Multivariable-Calculus?mode=view
MATH 2UU3,Numbers for Life,Miroslav Lovric,https://mcmaster.simplesyllabusca.com/doc/smsmz47lz/Fall-2026-MATH-2UU3-C01-LOVRIC-Numbers-for-Life?mode=view
MATH 2XA3,Vector Calculus I,Patrick Naylor,https://mcmaster.simplesyllabusca.com/doc/mpq5l1rkt/Fall-2026-MATH-2XA3-C01-NAYLOP1-Vector-Calculus-I?mode=view
MATH 3B03,Geometry,Hari Kunduri,https://mcmaster.simplesyllabusca.com/doc/locqs9qrf/Fall-2026-MATH-3B03-C01-KUNDURIH-Geometry?mode=view
MATH 3CV3,Basic Complex Variables,Gregory Cousins,https://mcmaster.simplesyllabusca.com/doc/uunpqmkef/Fall-2026-MATH-3CV3-C01-COUSINGD-Basic-Complex-Variables?mode=view
MATH 3ET3A,Mathematics Teaching Placement,Students are required to find a faculty supervisor and placement supervisor.,https://mcmaster.simplesyllabusca.com/doc/yzy1ihj3r/Fall-2026-MATH-3ET3A-C01-TBD-Mathematics-Teaching-Placement?mode=view
MATH 3ET3S,Mathematics Teaching Placement,Students are required to find a faculty supervisor and placement supervisor.,https://mcmaster.simplesyllabusca.com/doc/2ecs37i7e/Fall-2026-MATH-3ET3S-C01-TBD-Mathematics-Teaching-Placement?mode=view
MATH 3F03,Ordinary Differential Equations,Professor Gail Wolkowicz,https://mcmaster.simplesyllabusca.com/doc/gk8908t8o/Fall-2026-MATH-3F03-C01-WOLKOWIC-Ordinary-Differential-Equations?mode=view
MATH 3GR3,Abstract Algebra,Adam Van Tuyl,https://mcmaster.simplesyllabusca.com/doc/efofzv5uq/Fall-2026-MATH-3GR3-C01-VANTUYLA-Abstract-Algebra?mode=view
MATH 3I03,Partial Differential Equations for Engineering,Dmitry E Pelinovsky,https://mcmaster.simplesyllabusca.com/doc/iuce71z6x/Fall-2026-MATH-3I03-C01-PELINOD-Partial-Differential-Equations-for-Engineering?mode=view
MATH 3IA3,Introduction to Analysis,Miroslav Lovric,https://mcmaster.simplesyllabusca.com/doc/w982zy9na/Fall-2026-MATH-3IA3-C01-LOVRIC-Introduction-to-Analysis?mode=view
MATH 3MB3,Introduction to Modelling,Azadeh Aghaeeyan,https://mcmaster.simplesyllabusca.com/doc/5z7qsemu8/Fall-2026-MATH-3MB3-C01-AGHAEEYA-Introduction-to-Modelling?mode=view
MATH 3NA3,Numerical Linear Algebra,Chengzhang Fu,https://mcmaster.simplesyllabusca.com/doc/r3gphx0bn/Fall-2026-MATH-3NA3-C01-FUC49-Numerical-Linear-Algebra?mode=view
MATH 3U03,Combinatorics,Lisa Seccia,https://mcmaster.simplesyllabusca.com/doc/v0g5ws95v/Fall-2026-MATH-3U03-C01-SECCIAL-Combinatorics?mode=view
MATH 4A03,Real Analysis II,Patrick Speissegger,https://mcmaster.simplesyllabusca.com/doc/i341xyu1n/Fall-2026-MATH-4A03-C01-SPEISSE-Real-Analysis-II?mode=view
MATH 4L03,Introduction to Mathematical Logic,Matthew Anthony Valeriote,https://mcmaster.simplesyllabusca.com/doc/3ylql4vg7/Fall-2026-MATH-4L03-C01-VALERIOT-Introduction-to-Mathematical-Logic?mode=view
MATH 4MB3,Mathematical Biology,Professor David Earn,https://mcmaster.simplesyllabusca.com/doc/j5iehfhk9/Fall-2026-MATH-4MB3-C01-EARN-Mathematical-Biology?mode=view
MATH 4P06A,Senior Research Project,A faculty member is required to supervise,https://mcmaster.simplesyllabusca.com/doc/t82nxropk/Fall-2026-MATH-4P06A-C01-TBD-Senior-Research-Project?mode=view
MATH 4TT3,Topics in Topology,Patrick Naylor,https://mcmaster.simplesyllabusca.com/doc/ryvxlf04e/Fall-2026-MATH-4TT3-C01-NAYLOP1-Topics-in-Topology?mode=view
MATH 4W03,Reading in Mathematics,Adam Van Tuyl,https://mcmaster.simplesyllabusca.com/doc/unym0ccdi/Fall-2026-MATH-4W03-C01-TBD-Reading-in-Mathematics?mode=view
MATH 4WW3,Reading in Mathematics II,Adam Van Tuyl,https://mcmaster.simplesyllabusca.com/doc/0scni8srg/Fall-2026-MATH-4WW3-C01-TBD-Reading-in-Mathematics-II?mode=view
MATH 4X03,Complex Analysis II,Mckenzie Wang,https://mcmaster.simplesyllabusca.com/doc/6kn2t2j1n/Fall-2026-MATH-4X03-C01-WANG-Complex-Analysis-II?mode=view
MATH 5GT3,Graduate Level Topics in Mathematics,Gregory Cousins,https://mcmaster.simplesyllabusca.com/doc/dj4ojjdrn/Fall-2026-MATH-5GT3-C01-COUSINGD-Graduate-Level-Topics-in-Mathematics?mode=view
MATH 5GT3,Graduate Level Topics in Mathematics,Instructor of Corresponding Graduate Course,https://mcmaster.simplesyllabusca.com/doc/xypza954i/Fall-2026-MATH-5GT3-General-Outline-Graduate-Level-Topics-in-Mathematics?mode=view
MATH 6A03,Real Analysis II,Patrick Speissegger,https://mcmaster.simplesyllabusca.com/doc/58n3rgvts/Fall-2026-MATH-6A03-C01-SPEISSE-Real-Analysis-II?mode=view
MATH 6L03,Introduction to Mathematical Logic,Matthew Anthony Valeriote,https://mcmaster.simplesyllabusca.com/doc/8oc3wpyss/Fall-2026-MATH-6L03-C01-VALERIOT-Introduction-to-Mathematical-Logic?mode=view
MATH 6MB3,Mathematic Biology,Professor David Earn,https://mcmaster.simplesyllabusca.com/doc/jsbk48y2e/Fall-2026-MATH-6MB3-C01-EARN-Mathematic-Biology?mode=view
MATH 6TT3,Topics in Topology,Patrick Naylor,https://mcmaster.simplesyllabusca.com/doc/qbjb71qmp/Fall-2026-MATH-6TT3-C01-NAYLOP1-Topics-in-Topology?mode=view
MATH 6X03,Complex Analysis II,Mckenzie Wang,https://mcmaster.simplesyllabusca.com/doc/zwidvhzhp/Fall-2026-MATH-6X03-C01-WANG-Complex-Analysis-II?mode=view
MATH 701,Algebra I,Gregory Cousins,https://mcmaster.simplesyllabusca.com/doc/a09irhh62/Fall-2026-MATH-701-C01-COUSINGD-Algebra-I?mode=view
MATH 790A,Major Research Project,Miroslav Lovric,https://mcmaster.simplesyllabusca.com/doc/in6n57f1o/Fall-2026-MATH-790A-C01-LOVRIC-Major-Research-Project?mode=view
MATLS 4Z06A,Materials Engineering Capstone,Andre Phillion,https://mcmaster.simplesyllabusca.com/doc/c0vyg9kqj/Fall-2026-MATLS-4Z06A-C01-PHILLIAB-Materials-Engineering-Capstone?mode=view
MECHENG 4S03,Incompressible Flow,Shakirudeen Salaudeen,https://mcmaster.simplesyllabusca.com/doc/nmoe60mgq/Fall-2026-MECHENG-4S03-C01-SALAUDES-Incompressible-Flow?mode=view
MEDIAART 1A03,Media Arts,Andrew Mactavish,https://mcmaster.simplesyllabusca.com/doc/3uzl2hie2/Fall-2026-MEDIAART-1A03-C01-MACTAVIS-Media-Arts?mode=view
MEDIAART 2DF3,Design Fundamentals,Jessica Rodriguez Cabrera,https://mcmaster.simplesyllabusca.com/doc/06mehiuiy/Fall-2026-MEDIAART-2DF3-C01-RODRIJ28-Design-Fundamentals?mode=view
MEDIAART 2G03,Digital Audio,"David Ogborn (""Dr. 0"", he/they)",https://mcmaster.simplesyllabusca.com/doc/zzjcenlep/Fall-2026-MEDIAART-2G03-C01-OGBORND-Digital-Audio?mode=view
MEDIAART 3AN3,Animation,Robert Hamilton,https://mcmaster.simplesyllabusca.com/doc/q6nhiigxf/Fall-2026-MEDIAART-3AN3-C01-HAMILTR-Animation?mode=view
MEDIAART 3B03,Digital Cultures,Andrew Mactavish,https://mcmaster.simplesyllabusca.com/doc/fi5q2i9v4/Fall-2026-MEDIAART-3B03-C01-MACTAVIS-Digital-Cultures?mode=view
MEDIAART 3D03,"Interface, Code, Data",David Ogborn,https://mcmaster.simplesyllabusca.com/doc/byj1tbuz4/Fall-2026-MEDIAART-3D03-C01-OGBORND-Interface-Code-Data?mode=view
MEDIAART 3DS3,Documentary Strategies,Andrea Vela Alarcon,https://mcmaster.simplesyllabusca.com/doc/y4pwqs3bz/Fall-2026-MEDIAART-3DS3-C01-VELAALA-Documentary-Strategies?mode=view
MEDIAART 3EW3,Environmental and Wildlife Photography,Andrew Mactavish,https://mcmaster.simplesyllabusca.com/doc/t18i6lsl2/Fall-2026-MEDIAART-3EW3-C01-MACTAVIS-Environmental-and-Wildlife-Photography?mode=view
MEDIAART 3VA3,Video Art and Digital Cinema,Robert Hamilton,https://mcmaster.simplesyllabusca.com/doc/69dwdf4l5/Fall-2026-MEDIAART-3VA3-C01-HAMILTR-Video-Art-and-Digital-Cinema?mode=view
MEDIAART 3Z03,Production and Critique,Christopher Myhr,https://mcmaster.simplesyllabusca.com/doc/8hm2d2kbw/Fall-2026-MEDIAART-3Z03-C01-MYHRCH-Production-and-Critique?mode=view
MEDIAART 4ST6A,Senior Thesis Research and Production,,https://mcmaster.simplesyllabusca.com/doc/o86z321nd/Fall-2026-MEDIAART-4ST6A-C01-HAMILTR-Senior-Thesis-Research-and-Production?mode=view
MEDPHYS 4B03,Radioactivity and Radiation in Medical Physics,Soo Hyun Byun,https://mcmaster.simplesyllabusca.com/doc/lgb82v3m0/Fall-2026-MEDPHYS-4B03-C01-SOOHYUN-Radioactivity-and-Radiation-in-Medical-Physics?mode=view
MEDPHYS 4RA3,Radiation and Radioisotope Methodology,Jody Bruulsema,https://mcmaster.simplesyllabusca.com/doc/d0kaqjfrk/Fall-2026-MEDPHYS-4RA3-C01-BRUULSJT-Radiation-and-Radioisotope-Methodology?mode=view
MEDPHYS 6B03,Radioactivity and Radiation Interactions,Soo Hyun Byun,https://mcmaster.simplesyllabusca.com/doc/fbwz4a5b2/Fall-2026-MEDPHYS-6B03-C02-SOOHYUN-Radioactivity-and-Radiation-Interactions?mode=view
MEDPHYS 775,Advanced Radiation Physics,Soo Hyun Byun,https://mcmaster.simplesyllabusca.com/doc/sb9vdm52b/Fall-2026-MEDPHYS-775-C01-SOOHYUN-Advanced-Radiation-Physics?mode=view
MEDRADSC 1F03,Professions in Medical Radiation Sciences,Sandra Charbonneau,https://mcmaster.simplesyllabusca.com/doc/6r26ersk0/Fall-2026-MEDRADSC-1F03-C01-CHARBONS-Professions-in-Medical-Radiation-Sciences?mode=view
MEDRADSC 2D03,Relational Anatomy I,Derek Ribeiro,https://mcmaster.simplesyllabusca.com/doc/t2lf54eh5/Fall-2026-MEDRADSC-2D03-C01-TBD-Relational-Anatomy-I?mode=view
MEDRADSC 2G03,Radiographic Skills I,Connor Gresham,https://mcmaster.simplesyllabusca.com/doc/tg91pn247/Fall-2026-MEDRADSC-2G03-C01-GRESHAC-Radiographic-Skills-I?mode=view
MEDRADSC 2I03,Pathology and Procedures I,Vanessa Reis,https://mcmaster.simplesyllabusca.com/doc/ck753cdlq/Fall-2026-MEDRADSC-2I03-C01-REISV-Pathology-and-Procedures-I?mode=view
MEDRADSC 2K03,Applied Sonographic Physics and Instrumentation I,,https://mcmaster.simplesyllabusca.com/doc/sffack2vz/Fall-2026-MEDRADSC-2K03-C01-TBD-Applied-Sonographic-Physics-and-Instrumentation-I?mode=view
MEDRADSC 2L03,Abdominal Ultrasonography I,Dr. Regy Mathew,https://mcmaster.simplesyllabusca.com/doc/iyqx408f7/Fall-2026-MEDRADSC-2L03-C01-TBD-Abdominal-Ultrasonography-I?mode=view
MEDRADSC 2M03,Obstetrical and Gynecologic Ultrasonography I,"Meaghan Jefferson, PME BHSc RDMS RVT CRGS",https://mcmaster.simplesyllabusca.com/doc/hel5wy2nv/Fall-2026-MEDRADSC-2M03-C01-TBD-Obstetrical-and-Gynecologic-Ultrasonography-I?mode=view
MEDRADSC 2N03,Sonographic Skills I,Dr. Regy Mathew,https://mcmaster.simplesyllabusca.com/doc/gauth4q46/Fall-2026-MEDRADSC-2N03-C01-MATHEWR-Sonographic-Skills-I?mode=view
MEDRADSC 2S03,Clinical Oncology I,Meredith Lou-Hing,https://mcmaster.simplesyllabusca.com/doc/uqbvnwgca/Fall-2026-MEDRADSC-2S03-C01-LOUHINGM-Clinical-Oncology-I?mode=view
MEDRADSC 2U03,Radiation Therapy Skills I,Meredith Lou-Hing,https://mcmaster.simplesyllabusca.com/doc/g4emqh6y3/Fall-2026-MEDRADSC-2U03-C01-TBD-Radiation-Therapy-Skills-I?mode=view
MEDRADSC 2W03,Physics and Instrumentation for Radiation Therapy,Orest Ostapiak,https://mcmaster.simplesyllabusca.com/doc/kj66dl7x6/Fall-2026-MEDRADSC-2W03-C01-OSTAPO-Physics-and-Instrumentation-for-Radiation-Therapy?mode=view
MEDRADSC 2Y03,Radiographic Imaging and Instrumentation I,Connor Gresham,https://mcmaster.simplesyllabusca.com/doc/1thionz1k/Fall-2026-MEDRADSC-2Y03-C01-TBD-Radiographic-Imaging-and-Instrumentation-I?mode=view
MEDRADSC 3G03,Radiographic Imaging and Instrumentation II,Dwight Mountford,https://mcmaster.simplesyllabusca.com/doc/1qmre2ue0/Fall-2026-MEDRADSC-3G03-C01-TBD-Radiographic-Imaging-and-Instrumentation-II?mode=view
MEDRADSC 3J03,Pathology and Procedures II,Vanessa Reis,https://mcmaster.simplesyllabusca.com/doc/32ljn2och/Fall-2026-MEDRADSC-3J03-C01-REISV-Pathology-and-Procedures-II?mode=view
MEDRADSC 3K03,Computed Tomography,Kyle van Mil,https://mcmaster.simplesyllabusca.com/doc/434s1d7qo/Fall-2026-MEDRADSC-3K03-C01-VANMILKS-Computed-Tomography?mode=view
MEDRADSC 3N03,Vascular Ultrasonography,,https://mcmaster.simplesyllabusca.com/doc/iqdi1j08z/Fall-2026-MEDRADSC-3N03-C01-TBD-Vascular-Ultrasonography?mode=view
MEDRADSC 3R03,Musculoskeletal Ultrasonography,Meaghan Jefferson,https://mcmaster.simplesyllabusca.com/doc/9otdd70d1/Fall-2026-MEDRADSC-3R03-C01-TBD-Musculoskeletal-Ultrasonography?mode=view
MEDRADSC 3S03,Treatment Planning I,Derek Ribeiro,https://mcmaster.simplesyllabusca.com/doc/krzb4u13l/Fall-2026-MEDRADSC-3S03-C01-TBD-Treatment-Planning-I?mode=view
MEDRADSC 3Y03,Ethics for Medical Radiation Sciences,Lyndsay Simmons,https://mcmaster.simplesyllabusca.com/doc/vzlyflmmh/Fall-2026-MEDRADSC-3Y03-C01-MCKAYLM-Ethics-for-Medical-Radiation-Sciences?mode=view
MEDRADSC 4A15,Radiography Clinical Practicum II,Alana Trainor,https://mcmaster.simplesyllabusca.com/doc/80v68i56y/Fall-2026-MEDRADSC-4A15-C01-LOUHINGM-Radiography-Clinical-Practicum-II?mode=view
MEDRADSC 4C15,Ultrasonography Clinical Practicum II,Chantelle Dudek,https://mcmaster.simplesyllabusca.com/doc/g06qgy0uf/Fall-2026-MEDRADSC-4C15-C01-MANNENCL-Ultrasonography-Clinical-Practicum-II?mode=view
MEDRADSC 4E15,Radiation Therapy Clinical Practicum II,Meredith Lou-Hing,https://mcmaster.simplesyllabusca.com/doc/1s3v7zhd2/Fall-2026-MEDRADSC-4E15-C01-LOUHINGM-Radiation-Therapy-Clinical-Practicum-II?mode=view
MELD 1Q03,Critical and Analytic Reading,Sofia Cementina,https://mcmaster.simplesyllabusca.com/doc/lc63h3ycl/Fall-2026-MELD-1Q03-C01-CEMENTIR-Critical-and-Analytic-Reading?mode=view
MELD 1QQ3,"Grammar, Structure and University Writing",Julia Verhaeghe,https://mcmaster.simplesyllabusca.com/doc/1t9f213od/Fall-2026-MELD-1QQ3-C01-VERHAEGJ-Grammar-Structure-and-University-Writing?mode=view
MELD 1R03,Aural Communication and Academic Culture,Drew Smith,https://mcmaster.simplesyllabusca.com/doc/plgssc852/Fall-2026-MELD-1R03-C01-SMITHDA-Aural-Communication-and-Academic-Culture?mode=view
MELD 1RR3,Oral Communication for Academic and Social Interactions,Ryan Warriner,https://mcmaster.simplesyllabusca.com/doc/r1s45wsf3/Fall-2026-MELD-1RR3-C01-TBD-Oral-Communication-for-Academic-and-Social-Interactions?mode=view
MOLBIOL 2C03,Genetics,Cristina Abbatangelo,https://mcmaster.simplesyllabusca.com/doc/41pk0t3pr/Fall-2026-MOLBIOL-2C03-C01-ABBATACL-Genetics?mode=view
MOLBIOL 3O03,Microbial Genetics,Marie Elliot,https://mcmaster.simplesyllabusca.com/doc/k3bnyq3u8/Fall-2026-MOLBIOL-3O03-C01-MELLIOT-Microbial-Genetics?mode=view
MOLBIOL 3V03,Techniques in Molecular Genetics,Hindra Hindra,https://mcmaster.simplesyllabusca.com/doc/zznuqexnh/Fall-2026-MOLBIOL-3V03-C01-HINDRAF-Techniques-in-Molecular-Genetics?mode=view
MOLBIOL 4ED3,Evolutionary Developmental Biology,Muhammed Simsek,https://mcmaster.simplesyllabusca.com/doc/4zbo6lpqu/Fall-2026-MOLBIOL-4ED3-C01-SIMSEM1-Evolutionary-Developmental-Biology?mode=view
MUSIC 1A03,Introduction to the History Western of Music I,Andrew Mitchell,https://mcmaster.simplesyllabusca.com/doc/tfvixgzrx/Fall-2026-MUSIC-1A03-C01-AMITCHE-Introduction-to-the-History-Western-of-Music-I?mode=view
MUSIC 1CR3,Foundations of Music I,Joseph Resendes,https://mcmaster.simplesyllabusca.com/doc/3qxb0mvl8/Fall-2026-MUSIC-1CR3-C01-RESENDE-Foundations-of-Music-I?mode=view
MUSIC 1GB3A,Ensemble:Concert Band,Joseph Resendes,https://mcmaster.simplesyllabusca.com/doc/yp7sql3e4/Fall-2026-MUSIC-1GB3A-C01-RESENDE-Ensemble-Concert-Band?mode=view
MUSIC 1GR3A,Ensemble Performance: McMaster Symphony Orchestra,Joseph Resendes,https://mcmaster.simplesyllabusca.com/doc/d05wub2ql/Fall-2026-MUSIC-1GR3A-C01-RESENDE-Ensemble-Performance-McMaster-Symphony-Orchestra?mode=view
MUSIC 2DW3,Music Creation in Digital Audio Workstations I,Jason Saunders,https://mcmaster.simplesyllabusca.com/doc/bcs8lt6yk/Fall-2026-MUSIC-2DW3-C01-SAUNDJ17-Music-Creation-in-Digital-Audio-Workstations-I?mode=view
MUSIC 2F03,Music for Film and Television,Andrew Mitchell,https://mcmaster.simplesyllabusca.com/doc/bt3uke5rd/Fall-2026-MUSIC-2F03-C01-AMITCHE-Music-for-Film-and-Television?mode=view
MUSIC 2II3,Popular Music in North America and the United Kingdom: Post-World War II,Jason Saunders,https://mcmaster.simplesyllabusca.com/doc/czcqt7n2a/Fall-2026-MUSIC-2II3-C01-SAUNDJ17-Popular-Music-in-North-America-and-the-United-Kingdom-Post-World-War-II?mode=view
MUSIC 2MA3,Introduction to Musical Analysis,Andrew Mitchell,https://mcmaster.simplesyllabusca.com/doc/zl7c8i1wm/Fall-2026-MUSIC-2MA3-C01-AMITCHE-Introduction-to-Musical-Analysis?mode=view
MUSIC 2MT3,Introduction to the Practice of Music Therapy,Dr. Rachael Finnerty,https://mcmaster.simplesyllabusca.com/doc/t4328357m/Fall-2026-MUSIC-2MT3-C01-FINNERR-Introduction-to-the-Practice-of-Music-Therapy?mode=view
MUSIC 2MU3,Introduction to Music Therapy Research,"Annilee Baron, MTA, OCT",https://mcmaster.simplesyllabusca.com/doc/42btbcmwz/Fall-2026-MUSIC-2MU3-C01-BARONA-Introduction-to-Music-Therapy-Research?mode=view
MUSIC 4N03,Choral Methods,Melanie Tellez,https://mcmaster.simplesyllabusca.com/doc/x4ji56r8t/Fall-2026-MUSIC-4N03-C01-TELLEZM-Choral-Methods?mode=view
MUSICCOG 3SP3,The Science of Performance,John Rehner Iversen,https://mcmaster.simplesyllabusca.com/doc/t54og3bui/Fall-2026-MUSICCOG-3SP3-C01-IVERSENJ-The-Science-of-Performance?mode=view
NEUROSCI 2XN0A,Neuroscience Tutorial,Katrina Choe,https://mcmaster.simplesyllabusca.com/doc/mh8743fw1/Fall-2026-NEUROSCI-2XN0A-C01-CHOEK-Neuroscience-Tutorial?mode=view
NEUROSCI 3E03,Neuroscience Lab,Nikol Piskuric,https://mcmaster.simplesyllabusca.com/doc/pwiiv3w2p/Fall-2026-NEUROSCI-3E03-C01-PISKURN-Neuroscience-Lab?mode=view
NUCENG 3D04,Principles of Nuclear Engineering,Markus Piro,https://mcmaster.simplesyllabusca.com/doc/2mz5kvcdv/Fall-2026-NUCENG-3D04-C01-PIROM-Principles-of-Nuclear-Engineering?mode=view
NUCLST 4NN3,Nuclear Energy in Practice,Mario Pieries,https://mcmaster.simplesyllabusca.com/doc/b24lzj738/Fall-2026-NUCLST-4NN3-C01-PIERIEMD-Nuclear-Energy-in-Practice?mode=view
PACE 1A01,"Foundations of Equitable Activity, Mobility, and Community Health",Marianne Longo,https://mcmaster.simplesyllabusca.com/doc/dtb6j6snl/Fall-2026-PACE-1A01-C01-LONGOMS-Foundations-of-Equitable-Activity-Mobility-and-Community-Health?mode=view
PACE 2A03,"Professionalism in Equitable Activity, Mobility, and Community Health",Marianne Longo,https://mcmaster.simplesyllabusca.com/doc/4kzt0a1sn/Fall-2026-PACE-2A03-C01-LONGOMS-Professionalism-in-Equitable-Activity-Mobility-and-Community-Health?mode=view
PEACJUST 1A03,"Peace, Justice, Human Rights",Abhimanyu Acharya,https://mcmaster.simplesyllabusca.com/doc/uejvvxbg8/Fall-2026-PEACJUST-1A03-C01-ACHARA14-Peace-Justice-Human-Rights?mode=view
PEACJUST 1VM3,Pass the Mic: Conversations on Justice,Alpha Abebe,https://mcmaster.simplesyllabusca.com/doc/is26c1t3t/Fall-2026-PEACJUST-1VM3-C01-ABEBEA-Pass-the-Mic-Conversations-on-Justice?mode=view
PEACJUST 2CS3,Decolonization and Activism: Creating Social Change,Abhimanyu Acharya,https://mcmaster.simplesyllabusca.com/doc/ngja5yc5z/Fall-2026-PEACJUST-2CS3-C01-ACHARA14-Decolonization-and-Activism-Creating-Social-Change?mode=view
PEACJUST 2XX3,Social & Structural Determinants of Health,Ingrid Waldron,https://mcmaster.simplesyllabusca.com/doc/r4q1ts6tq/Fall-2026-PEACJUST-2XX3-C01-WALDRONI-Social-Structural-Determinants-of-Health?mode=view
PEACJUST 4ST3,Special Topics Seminar,Abhimanyu Acharya,https://mcmaster.simplesyllabusca.com/doc/lyzlhu4gt/Fall-2026-PEACJUST-4ST3-C01-ACHARA14-Special-Topics-Seminar?mode=view
PHILOS 1B03,"Philosophy, Law and Society",Michael Bruder,https://mcmaster.simplesyllabusca.com/doc/zgx3irnsl/Fall-2026-PHILOS-1B03-C01-BRUDERMA-Philosophy-Law-and-Society?mode=view
PHILOS 1F03,Meaning in Life,Shannon Buckley,https://mcmaster.simplesyllabusca.com/doc/fwyus4tm9/Fall-2026-PHILOS-1F03-C01-BUCKLESM-Meaning-in-Life?mode=view
PHILOS 2D03,Bioethics,Michael Bruder,https://mcmaster.simplesyllabusca.com/doc/0p8ccrd6i/Fall-2026-PHILOS-2D03-C01-BRUDERMA-Bioethics?mode=view
PHILOS 2P03,Ancient Greek Philosophy,Paul O'Hagan,https://mcmaster.simplesyllabusca.com/doc/c0ynozngo/Fall-2026-PHILOS-2P03-C01-OHAGANP-Ancient-Greek-Philosophy?mode=view
PHILOS 2Q03,"Justice, Political Philosophy, and Law",,https://mcmaster.simplesyllabusca.com/doc/8hrmj8dhn/Fall-2026-PHILOS-2Q03-C01-SCIARAF-Justice-Political-Philosophy-and-Law?mode=view
PHILOS 2YY3,Ethics,Michael Bruder,https://mcmaster.simplesyllabusca.com/doc/ycuwftrcf/Fall-2026-PHILOS-2YY3-C01-BRUDERMA-Ethics?mode=view
PHILOS 3CC3,Advanced Ethics,Logan Ginther,https://mcmaster.simplesyllabusca.com/doc/1apyccfxw/Fall-2026-PHILOS-3CC3-C01-GINTHERL-Advanced-Ethics?mode=view
PHILOS 3Q03,Philosophy of Law,Alice Pinheiro Walla,https://mcmaster.simplesyllabusca.com/doc/7pa9j54uh/Fall-2026-PHILOS-3Q03-C01-PINHEIRO-Philosophy-of-Law?mode=view
PHILOS 3SR3,Metaphysics of Social Reality,Megan Stotts,https://mcmaster.simplesyllabusca.com/doc/empe74bkq/Fall-2026-PHILOS-3SR3-C01-STOTTSM-Metaphysics-of-Social-Reality?mode=view
PHILOS 4JP3,"Topics in Justice, Political Philosophy, and Law",Alice Pinheiro Walla,https://mcmaster.simplesyllabusca.com/doc/omzrxopax/Fall-2026-PHILOS-4JP3-C01-PINHEIRO-Topics-in-Justice-Political-Philosophy-and-Law?mode=view
PHILOS 4K03,Seminar in Ancient Philosophy,Jeffrey Arcand,https://mcmaster.simplesyllabusca.com/doc/cyi7oe6vc/Fall-2026-PHILOS-4K03-C01-TBD-Seminar-in-Ancient-Philosophy?mode=view
PHILOS 4S03,Human Rights and Global Justice,Pavel Skigin,https://mcmaster.simplesyllabusca.com/doc/l99qfte17/Fall-2026-PHILOS-4S03-C01-SKIGINP-Human-Rights-and-Global-Justice?mode=view
PHILOS 4YY3,Topics in Ethics,Shannon Buckley,https://mcmaster.simplesyllabusca.com/doc/t3nlyrtki/Fall-2026-PHILOS-4YY3-C01-TBD-Topics-in-Ethics?mode=view
PHILOS 743A,Graduate Seminar I,Ariella Binik,https://mcmaster.simplesyllabusca.com/doc/nddbpwpc6/Fall-2026-PHILOS-743A-C01-BINIKA-Graduate-Seminar-I?mode=view
PHILOS 759,Applied Ethics,Ariella Binik,https://mcmaster.simplesyllabusca.com/doc/pom8vuxab/Fall-2026-PHILOS-759-C01-BINIKA-Applied-Ethics?mode=view
PHYSICS 1A03,Introductory Physics,Sara Cormier,https://mcmaster.simplesyllabusca.com/doc/5m7fdjb4y/Fall-2026-PHYSICS-1A03-C01-CORMIESL-Introductory-Physics?mode=view
PHYSICS 1AA3,Introduction To Modern Physics,Miranda Schmidt,https://mcmaster.simplesyllabusca.com/doc/cmj638ml2/Fall-2026-PHYSICS-1AA3-C01-SCHMIM10-Introduction-To-Modern-Physics?mode=view
PHYSICS 1C03,Physics for the Chemical and Physical Sciences,Miranda Schmidt,https://mcmaster.simplesyllabusca.com/doc/s8bfdi0w6/Fall-2026-PHYSICS-1C03-C01-SCHMIM10-Physics-for-the-Chemical-and-Physical-Sciences?mode=view
PHYSICS 1D03,Introductory Mechanics,Eamonn Corrigan,https://mcmaster.simplesyllabusca.com/doc/ic4n8609f/Fall-2026-PHYSICS-1D03-C01-CORRIE2-Introductory-Mechanics?mode=view
PHYSICS 1V03,Introductory Physics,Sara Cormier,https://mcmaster.simplesyllabusca.com/doc/h43x8mdwp/Fall-2026-PHYSICS-1V03-C01-CORMIESL-Introductory-Physics?mode=view
PHYSICS 2B03,Electricity and Magnetism I,Bruce D Gaulin,https://mcmaster.simplesyllabusca.com/doc/7lo5bph8u/Fall-2026-PHYSICS-2B03-C01-GAULIN-Electricity-and-Magnetism-I?mode=view
PHYSICS 3ET3A,Physics Teaching Placement,Miranda Schmidt,https://mcmaster.simplesyllabusca.com/doc/rgblwun05/Fall-2026-PHYSICS-3ET3A-C01-SCHMIM10-Physics-Teaching-Placement?mode=view
PHYSICS 3ET3S,Physics Teaching Placement,Miranda Schmidt,https://mcmaster.simplesyllabusca.com/doc/5425yz0oa/Fall-2026-PHYSICS-3ET3S-C01-SCHMIM10-Physics-Teaching-Placement?mode=view
PHYSICS 3MM3,Quantum Mechanics I,Patrick Clancy,https://mcmaster.simplesyllabusca.com/doc/ytdjf5c3l/Fall-2026-PHYSICS-3MM3-C01-CLANCYP-Quantum-Mechanics-I?mode=view
PHYSICS 4B03,Electromagnetic Theory,Sung-Sik Lee,https://mcmaster.simplesyllabusca.com/doc/q42wwsw1i/Fall-2026-PHYSICS-4B03-C01-SLEE-Electromagnetic-Theory?mode=view
PHYSICS 6B03,Electromagnetic Theory,Sung-Sik Lee,https://mcmaster.simplesyllabusca.com/doc/s4p9047bk/Fall-2026-PHYSICS-6B03-C01-SLEE-Electromagnetic-Theory?mode=view
PNB 2A03,Python for PNB,Professor Feinberg,https://mcmaster.simplesyllabusca.com/doc/lfitd11d3/Fall-2026-PNB-2A03-C01-FEINBER-Python-for-PNB?mode=view
PNB 2QQ3A,Introductory Independent Research,Taylor Bowker,https://mcmaster.simplesyllabusca.com/doc/ndl2lifi5/Fall-2026-PNB-2QQ3A-C01-AKHAN-Introductory-Independent-Research?mode=view
PNB 2QQ3A,Introductory Independent Research,Dr. Ayesha Khan,https://mcmaster.simplesyllabusca.com/doc/vqt0etdsa/Fall-2026-PNB-2QQ3A-C01-SMITHTA3-Introductory-Independent-Research?mode=view
PNB 2QQ3A,Introductory Independent Research,Taylor Bowker,https://mcmaster.simplesyllabusca.com/doc/qgbbj91d0/Fall-2026-PNB-2QQ3A-C01-TBD-Introductory-Independent-Research?mode=view
PNB 2QQ3S,Introductory Independent Research,Taylor Bowker,https://mcmaster.simplesyllabusca.com/doc/e2nbg8gzi/Fall-2026-PNB-2QQ3S-C01-AKHAN-Introductory-Independent-Research?mode=view
PNB 2QQ3S,Introductory Independent Research,Taylor Bowker,https://mcmaster.simplesyllabusca.com/doc/earukvcze/Fall-2026-PNB-2QQ3S-C01-SMITHTA3-Introductory-Independent-Research?mode=view
PNB 2QQ3S,Introductory Independent Research,Taylor Bowker,https://mcmaster.simplesyllabusca.com/doc/ojd7jnycu/Fall-2026-PNB-2QQ3S-C01-TBD-Introductory-Independent-Research?mode=view
PNB 2XB3,Neuroanatomy & Neurophysiology,Daniel Goldreich,https://mcmaster.simplesyllabusca.com/doc/8gxxffhld/Fall-2026-PNB-2XB3-C01-GOLDRD-Neuroanatomy-Neurophysiology?mode=view
PNB 2XC3,Animal Behaviour & Evolution,Noah Smith,https://mcmaster.simplesyllabusca.com/doc/n4fovxelf/Fall-2026-PNB-2XC3-C01-SMITHN25-Animal-Behaviour-Evolution?mode=view
PNB 3Q03A,Independent Library Study,Taylor Bowker,https://mcmaster.simplesyllabusca.com/doc/bryhn2wok/Fall-2026-PNB-3Q03A-C01-AKHAN-Independent-Library-Study?mode=view
PNB 3Q03A,Independent Library Study,Taylor Bowker,https://mcmaster.simplesyllabusca.com/doc/8ffjd63gc/Fall-2026-PNB-3Q03A-C01-SMITHTA3-Independent-Library-Study?mode=view
PNB 3Q03A,Independent Library Study,Dr. Ayesha Khan,https://mcmaster.simplesyllabusca.com/doc/do5x07ti7/Fall-2026-PNB-3Q03A-C01-TBD-Independent-Library-Study?mode=view
PNB 3Q03S,Independent Library Study,Taylor Bowker,https://mcmaster.simplesyllabusca.com/doc/id34ilzin/Fall-2026-PNB-3Q03S-C01-AKHAN-Independent-Library-Study?mode=view
PNB 3Q03S,Independent Library Study,Taylor Bowker,https://mcmaster.simplesyllabusca.com/doc/1u12obf2g/Fall-2026-PNB-3Q03S-C01-SMITHTA3-Independent-Library-Study?mode=view
PNB 3Q03S,Independent Library Study,Taylor Bowker,https://mcmaster.simplesyllabusca.com/doc/t2qpjqs1j/Fall-2026-PNB-3Q03S-C01-TBD-Independent-Library-Study?mode=view
PNB 3QM3A,Independent Research in Mental Health,Taylor Bowker,https://mcmaster.simplesyllabusca.com/doc/b1mg7j9wc/Fall-2026-PNB-3QM3A-C01-AKHAN-Independent-Research-in-Mental-Health?mode=view
PNB 3QM3A,Independent Research in Mental Health,Taylor Bowker,https://mcmaster.simplesyllabusca.com/doc/tk8yq6f83/Fall-2026-PNB-3QM3A-C01-SMITHTA3-Independent-Research-in-Mental-Health?mode=view
PNB 3QM3A,Independent Research in Mental Health,Dr. Ayesha Khan,https://mcmaster.simplesyllabusca.com/doc/c260kxlsl/Fall-2026-PNB-3QM3A-C01-TBD-Independent-Research-in-Mental-Health?mode=view
PNB 3QM3S,Independent Research in Mental Health,Taylor Bowker,https://mcmaster.simplesyllabusca.com/doc/ufm22dnid/Fall-2026-PNB-3QM3S-C01-AKHAN-Independent-Research-in-Mental-Health?mode=view
PNB 3QM3S,Independent Research in Mental Health,Dr. Ayesha Khan,https://mcmaster.simplesyllabusca.com/doc/7ekmnhgrn/Fall-2026-PNB-3QM3S-C01-SMITHTA3-Independent-Research-in-Mental-Health?mode=view
PNB 3QM3S,Independent Research in Mental Health,Taylor Bowker,https://mcmaster.simplesyllabusca.com/doc/hww0u37pn/Fall-2026-PNB-3QM3S-C01-TBD-Independent-Research-in-Mental-Health?mode=view
PNB 3QQ3A,Intermediate Independent Research,Taylor Bowker,https://mcmaster.simplesyllabusca.com/doc/lpdwewmtm/Fall-2026-PNB-3QQ3A-C01-AKHAN-Intermediate-Independent-Research?mode=view
PNB 3QQ3A,Intermediate Independent Research,Dr. Ayesha Khan,https://mcmaster.simplesyllabusca.com/doc/5r426n4tj/Fall-2026-PNB-3QQ3A-C01-SMITHTA3-Intermediate-Independent-Research?mode=view
PNB 3QQ3A,Intermediate Independent Research,Taylor Bowker,https://mcmaster.simplesyllabusca.com/doc/lhfx6kvzy/Fall-2026-PNB-3QQ3A-C01-TBD-Intermediate-Independent-Research?mode=view
PNB 3QQ3S,Intermediate Independent Research,Taylor Bowker,https://mcmaster.simplesyllabusca.com/doc/u6iksub56/Fall-2026-PNB-3QQ3S-C01-AKHAN-Intermediate-Independent-Research?mode=view
PNB 3QQ3S,Intermediate Independent Research,Dr. Ayesha Khan,https://mcmaster.simplesyllabusca.com/doc/7aufb725s/Fall-2026-PNB-3QQ3S-C01-SMITHTA3-Intermediate-Independent-Research?mode=view
PNB 3QQ3S,Intermediate Independent Research,Taylor Bowker,https://mcmaster.simplesyllabusca.com/doc/3rjf47npf/Fall-2026-PNB-3QQ3S-C01-TBD-Intermediate-Independent-Research?mode=view
PNB 3SL3A,"Service Learning in Psychology, Neuroscience & Behaviour",Nikol Piskuric,https://mcmaster.simplesyllabusca.com/doc/zgigqcmxv/Fall-2026-PNB-3SL3A-C01-PISKURN-Service-Learning-in-Psychology-Neuroscience-Behaviour?mode=view
PNB 4D06A,Senior Thesis,Nikol Piskuric,https://mcmaster.simplesyllabusca.com/doc/rhu42180n/Fall-2026-PNB-4D06A-C01-PISKURN-Senior-Thesis?mode=view
PNB 4D09A,Senior Honours Thesis,Nikol Piskuric,https://mcmaster.simplesyllabusca.com/doc/zxzb3vlk9/Fall-2026-PNB-4D09A-C01-PISKURN-Senior-Honours-Thesis?mode=view
PNB 4Q03A,Senior Independent Library Study,Taylor Bowker,https://mcmaster.simplesyllabusca.com/doc/j2jiel1iz/Fall-2026-PNB-4Q03A-C01-AKHAN-Senior-Independent-Library-Study?mode=view
PNB 4Q03S,Senior Independent Library Study,Taylor Bowker,https://mcmaster.simplesyllabusca.com/doc/knlob0ku3/Fall-2026-PNB-4Q03S-C01-AKHAN-Senior-Independent-Library-Study?mode=view
PNB 4QQ3A,Senior Independent Research,Taylor Bowker,https://mcmaster.simplesyllabusca.com/doc/rrqenpgpq/Fall-2026-PNB-4QQ3A-C01-AKHAN-Senior-Independent-Research?mode=view
PNB 4QQ3S,Senior Independent Research,Taylor Bowker,https://mcmaster.simplesyllabusca.com/doc/edjbwjkzp/Fall-2026-PNB-4QQ3S-C01-AKHAN-Senior-Independent-Research?mode=view
PNB 4QQ6A,Senior Independent Research,Taylor Bowker,https://mcmaster.simplesyllabusca.com/doc/nqwrkwhic/Fall-2026-PNB-4QQ6A-C01-AKHAN-Senior-Independent-Research?mode=view
POLISH 1BL3,Beginner Polish Language I,Dr. Joanna Lustanski,https://mcmaster.simplesyllabusca.com/doc/3icmi5bpd/Fall-2026-POLISH-1BL3-C01-LUSTANSJ-Beginner-Polish-Language-I?mode=view
PSYCH 1FF3,Survey of Biological Basis of Psychology,Joe Kim,https://mcmaster.simplesyllabusca.com/doc/py6fcetil/Fall-2026-PSYCH-1FF3-C01-TBD-Survey-of-Biological-Basis-of-Psychology?mode=view
PSYCH 1X03,"Introduction to Psychology, Neuroscience & Behaviour",Joe Kim,https://mcmaster.simplesyllabusca.com/doc/2sc9fsx7e/Fall-2026-PSYCH-1X03-C04-CADIEUM-Introduction-to-Psychology-Neuroscience-Behaviour?mode=view
PSYCH 2AP3,Psychological Perspectives on Mental Health,Dr. Meagan MacKenzie,https://mcmaster.simplesyllabusca.com/doc/nyy1eq4gn/Fall-2026-PSYCH-2AP3-C01-MACKEM17-Psychological-Perspectives-on-Mental-Health?mode=view
PSYCH 2B03,Personality,Dr. Meagan MacKenzie,https://mcmaster.simplesyllabusca.com/doc/oaupvskcd/Fall-2026-PSYCH-2B03-C01-MACKEM17-Personality?mode=view
PSYCH 2H03,Human Learning and Cognition,Taigan MacGowan - you can call me Dr. Mac!,https://mcmaster.simplesyllabusca.com/doc/gonfwxlet/Fall-2026-PSYCH-2H03-C01-MACGOWAT-Human-Learning-and-Cognition?mode=view
PSYCH 3B03,Special Populations,Taigan MacGowan,https://mcmaster.simplesyllabusca.com/doc/nisxzallq/Fall-2026-PSYCH-3B03-C01-MACGOWAT-Special-Populations?mode=view
PSYCH 3FA3,Neuroscience of Learning and Memory,Jesse Pazdera,https://mcmaster.simplesyllabusca.com/doc/zs1vjk5gu/Fall-2026-PSYCH-3FA3-C01-PAZDERAJ-Neuroscience-of-Learning-and-Memory?mode=view
PSYCH 3SP3,The Science of Performance,TA (TBA),https://mcmaster.simplesyllabusca.com/doc/1xx3rgxlb/Fall-2026-PSYCH-3SP3-C01-IVERSENJ-The-Science-of-Performance?mode=view
PSYCH 3T03,Behavioural Ecology,Sigal Balshine,https://mcmaster.simplesyllabusca.com/doc/32kfu5ccx/Fall-2026-PSYCH-3T03-C01-SIGAL-Behavioural-Ecology?mode=view
PSYCH 3WA3,The Mind as a Work of Art,Steven Brown,https://mcmaster.simplesyllabusca.com/doc/20zq1z53r/Fall-2026-PSYCH-3WA3-C01-STEBRO-The-Mind-as-a-Work-of-Art?mode=view
PSYCHOTH 701,Introduction to Mental Health for Psychotherapists,Tessa Alexander,https://mcmaster.simplesyllabusca.com/doc/mwr2zisp6/Fall-2026-PSYCHOTH-701-C01-ALEXAT2-Introduction-to-Mental-Health-for-Psychotherapists?mode=view
PSYCHOTH 702,Principles of Evidence-Based Psychotherapy,Tessa Alexander,https://mcmaster.simplesyllabusca.com/doc/w0gfowl7r/Fall-2026-PSYCHOTH-702-C01-ALEXAT2-Principles-of-Evidence-Based-Psychotherapy?mode=view
PSYCHOTH 703,Assessment and Case Formulation,,https://mcmaster.simplesyllabusca.com/doc/1o6ro1mlu/Fall-2026-PSYCHOTH-703-C01-NOWAKOM-Assessment-and-Case-Formulation?mode=view
PSYCHOTH 720,Mindfulness-Based Psychotherapy,Brenda Key,https://mcmaster.simplesyllabusca.com/doc/bx37dku25/Fall-2026-PSYCHOTH-720-C01-KEYB2-Mindfulness-Based-Psychotherapy?mode=view
PSYCHOTH 721,Interpersonal Therapy (IPT),Jelena King,https://mcmaster.simplesyllabusca.com/doc/1ityqhyj6/Fall-2026-PSYCHOTH-721-C01-KINGJ10-Interpersonal-Therapy-IPT?mode=view
RELIGST 714,Topics in Indian Buddhist Texts,,https://mcmaster.simplesyllabusca.com/doc/b80jh92he/Fall-2026-RELIGST-714-C01-CLARSHA-Topics-in-Indian-Buddhist-Texts?mode=view
RELIGST 789,Topics in Gender and Feminist Theory and Religious Studies,Hanna Tervanotko,https://mcmaster.simplesyllabusca.com/doc/ufcq5emyy/Fall-2026-RELIGST-789-C01-TERVANOH-Topics-in-Gender-and-Feminist-Theory-and-Religious-Studies?mode=view
RUSSIAN 1BL3,Beginner Russian Language I,Ekaterina Neklyudova,https://mcmaster.simplesyllabusca.com/doc/buprmgq56/Fall-2026-RUSSIAN-1BL3-C01-NEKLYUE-Beginner-Russian-Language-I?mode=view
RUSSIAN 2G03,Masterpieces of Russian Literature in Film and TV Series (Taught in English),Ekaterina Neklyudova,https://mcmaster.simplesyllabusca.com/doc/14kh1lozz/Fall-2026-RUSSIAN-2G03-C01-NEKLYUE-Masterpieces-of-Russian-Literature-in-Film-and-TV-Series-Taught-in-English?mode=view
SCAR 3F03,Approaches to the Study of Religion,James Alexander Benn,https://mcmaster.simplesyllabusca.com/doc/d0jnoftia/Fall-2026-SCAR-3F03-C01-BENNJAM-Approaches-to-the-Study-of-Religion?mode=view
SCAR 3S03,The East Asian Religious Tradition,James Alexander Benn,https://mcmaster.simplesyllabusca.com/doc/jtyd4665e/Fall-2026-SCAR-3S03-T01-BENNJAM-The-East-Asian-Religious-Tradition?mode=view
SCAR 4SC3,"Society, Culture & Religion Seminar",Dana Hollander,https://mcmaster.simplesyllabusca.com/doc/z5q10574c/Fall-2026-SCAR-4SC3-C01-DANAHOL-Society-Culture-Religion-Seminar?mode=view
SCICOMM 2A03,Foundations in Science Communication,Katie Moisse,https://mcmaster.simplesyllabusca.com/doc/60cd41ys7/Fall-2026-SCICOMM-2A03-C01-MOISSEK-Foundations-in-Science-Communication?mode=view
SCICOMM 3P03,Communicating Science for Public Audiences,Katie Moisse,https://mcmaster.simplesyllabusca.com/doc/5e39mxf3k/Fall-2026-SCICOMM-3P03-C01-MOISSEK-Communicating-Science-for-Public-Audiences?mode=view
SCICOMM 4A03,Independent Project in Science Communication,Veronica Rodriguez Moncalvo,https://mcmaster.simplesyllabusca.com/doc/lc1p8fq0w/Fall-2026-SCICOMM-4A03-C01-RODRIGVG-Independent-Project-in-Science-Communication?mode=view
SCIENCE 1A03,Investigating Science: Opportunities & Experiences,Dr. Maneli Zamani,https://mcmaster.simplesyllabusca.com/doc/4ewzu0j7k/Fall-2026-SCIENCE-1A03-C01-CAMPOSA-Investigating-Science-Opportunities-Experiences?mode=view
SCIENCE 2C00,Skills for Career Success in Science,Imtiaz Ahmed,https://mcmaster.simplesyllabusca.com/doc/6lmefmmoc/Fall-2026-SCIENCE-2C00-C01-AHMEDI18-Skills-for-Career-Success-in-Science?mode=view
SCIENCE 2D00,Skills for Career Success in Biochemistry,Imtiaz Ahmed,https://mcmaster.simplesyllabusca.com/doc/5srpydnvd/Fall-2026-SCIENCE-2D00-C01-AHMEDI18-Skills-for-Career-Success-in-Biochemistry?mode=view
SCIENCE 2DL1,Design Your Science Career,Laura Mackinnon,https://mcmaster.simplesyllabusca.com/doc/vh310fu2f/Fall-2026-SCIENCE-2DL1-C01-MACKIL7-Design-Your-Science-Career?mode=view
SCIENCE 2XR3,External Research Challenge I,Ali Solhi,https://mcmaster.simplesyllabusca.com/doc/i5wcuue0o/Fall-2026-SCIENCE-2XR3-C01-SOLHIA1-External-Research-Challenge-I?mode=view
SCIENCE 3EP3A,Applied Science Placement,Daniel Manns,https://mcmaster.simplesyllabusca.com/doc/ceqrqkr9a/Fall-2026-SCIENCE-3EP3A-C01-MANNSDM-Applied-Science-Placement?mode=view
SCIENCE 3EP3S,Applied Science Placement,Daniel Manns,https://mcmaster.simplesyllabusca.com/doc/g15mobb0d/Fall-2026-SCIENCE-3EP3S-C01-MANNSDM-Applied-Science-Placement?mode=view
SCIENCE 3EX6A,Applied Science Placement,Daniel Manns,https://mcmaster.simplesyllabusca.com/doc/ajnm7hsmz/Fall-2026-SCIENCE-3EX6A-C01-MANNSDM-Applied-Science-Placement?mode=view
SCIENCE 3IE0,Undergraduate Science Internship,Daniel Manns,https://mcmaster.simplesyllabusca.com/doc/omfnzt355/Fall-2026-SCIENCE-3IE0-C01-MANNSDM-Undergraduate-Science-Internship?mode=view
SCIENCE 3IF0,Undergraduate Science Internship,Daniel Manns,https://mcmaster.simplesyllabusca.com/doc/tce22i3tf/Fall-2026-SCIENCE-3IF0-C01-MANNSDM-Undergraduate-Science-Internship?mode=view
SEP 731,Lean Six Sigma for Engineers,Naveen Chopra,https://mcmaster.simplesyllabusca.com/doc/ucehgeo27/Fall-2026-SEP-731-C01-CHOPRN16-Lean-Six-Sigma-for-Engineers?mode=view
SFWRENG 2DM3,Discrete Mathematics with Applications I,Ridha Khedri,https://mcmaster.simplesyllabusca.com/doc/ct5eqi3ik/Fall-2026-SFWRENG-2DM3-T03-KHEDRI-Discrete-Mathematics-with-Applications-I?mode=view
SFWRENG 2XC3,Software Engineering Practice and Experience: Development Basics,Samuel Scott,https://mcmaster.simplesyllabusca.com/doc/j0ezbdvrm/Fall-2026-SFWRENG-2XC3-L05-SCOTTS52-Software-Engineering-Practice-and-Experience-Development-Basics?mode=view
SOCIOL 1C03,"Canadian Society: Social Problems, Social Policy, and the Law",Dr. Sophia Melanson Ricciardone,https://mcmaster.simplesyllabusca.com/doc/mlfpahzq7/Fall-2026-SOCIOL-1C03-C01-MELANS1-Canadian-Society-Social-Problems-Social-Policy-and-the-Law?mode=view
SOCIOL 2UU3,Indigenous Ontologies and Ways of Knowing,Vanessa Watts,https://mcmaster.simplesyllabusca.com/doc/8dp3isnib/Fall-2026-SOCIOL-2UU3-C01-WATTSV-Indigenous-Ontologies-and-Ways-of-Knowing?mode=view
SOCIOL 3FF3,Introduction to Quantitative Research Methods,Gerald Bierling,https://mcmaster.simplesyllabusca.com/doc/q2hsfd1g7/Fall-2026-SOCIOL-3FF3-C01-BIERLING-Introduction-to-Quantitative-Research-Methods?mode=view
SOCIOL 4DD3,Social Movements and Social Change,Carly Richards,https://mcmaster.simplesyllabusca.com/doc/nau7hu0hu/Fall-2026-SOCIOL-4DD3-C01-RICHAC14-Social-Movements-and-Social-Change?mode=view
SOCIOL 4FF3,Applications of Quantitative Methods in the Social Sciences,Dr. Lisa Kaida,https://mcmaster.simplesyllabusca.com/doc/2pullzduh/Fall-2026-SOCIOL-4FF3-C01-KAIDAR-Applications-of-Quantitative-Methods-in-the-Social-Sciences?mode=view
SOCPSY 1Z03,An Introduction to Social Psychology,Erica Speakman,https://mcmaster.simplesyllabusca.com/doc/h0asbrjj9/Fall-2026-SOCPSY-1Z03-C01-HILTZE-An-Introduction-to-Social-Psychology?mode=view
SOCPSY 2E03,Psychology of Intergroup Relations,Taigan MacGowan (she/her) - You can call me Dr. Mac!,https://mcmaster.simplesyllabusca.com/doc/xiji6jh1b/Fall-2026-SOCPSY-2E03-C01-MACGOWAT-Psychology-of-Intergroup-Relations?mode=view
SOCPSY 2F03,Psychology of Close Relationships,Kiersten Dobson,https://mcmaster.simplesyllabusca.com/doc/s1e4d6tkx/Fall-2026-SOCPSY-2F03-C01-DOBSOK5-Psychology-of-Close-Relationships?mode=view
SOCPSY 2YY3,Theories in Social Psychology,Erica Speakman,https://mcmaster.simplesyllabusca.com/doc/gmg42p46j/Fall-2026-SOCPSY-2YY3-C01-HILTZE-Theories-in-Social-Psychology?mode=view
SOCPSY 3Y03,Applied Social Psychology,Erica Speakman,https://mcmaster.simplesyllabusca.com/doc/cgrfnmr2j/Fall-2026-SOCPSY-3Y03-C01-HILTZE-Applied-Social-Psychology?mode=view
SOCPSY 4H03,Advanced Topics in Close Relationships,Kiersten Dobson,https://mcmaster.simplesyllabusca.com/doc/0osu0zkct/Fall-2026-SOCPSY-4H03-C01-DOBSOK5-Advanced-Topics-in-Close-Relationships?mode=view
SOCPSY 4ZZ6A,Social Psychology Research Project,Kiersten Dobson,https://mcmaster.simplesyllabusca.com/doc/nr6nptut6/Fall-2026-SOCPSY-4ZZ6A-C02-DOBSOK5-Social-Psychology-Research-Project?mode=view
SOCSCI 1SS3,Inquiry in the Social Sciences,Hanna Tervanotko,https://mcmaster.simplesyllabusca.com/doc/medd6ozgh/Fall-2026-SOCSCI-1SS3-C06-TERVANOH-Inquiry-in-the-Social-Sciences?mode=view
SOCSCI 2EL3,Career Preparation in the Social Sciences,Lauren Charman,https://mcmaster.simplesyllabusca.com/doc/e7n8twjw7/Fall-2026-SOCSCI-2EL3-C01-CHARMANL-Career-Preparation-in-the-Social-Sciences?mode=view
SOCSCI 3JS1,Co-Op Job Search II,Karen Thorburn,https://mcmaster.simplesyllabusca.com/doc/usnssfsjc/Fall-2026-SOCSCI-3JS1-C01-THORBK1-Co-Op-Job-Search-II?mode=view
SOCSCI 4JS1,Co-Op Job Search III,Karen Thorburn,https://mcmaster.simplesyllabusca.com/doc/y8kwu34zn/Fall-2026-SOCSCI-4JS1-C01-THORBK1-Co-Op-Job-Search-III?mode=view
STATS 1LL3,Introduction to Probability and Statistics,Christopher Mclean,https://mcmaster.simplesyllabusca.com/doc/93et8nadq/Fall-2026-STATS-1LL3-C01-MCLEAC3-Introduction-to-Probability-and-Statistics?mode=view
STATS 2B03,Statistical Methods for Science,Eman Alamer,https://mcmaster.simplesyllabusca.com/doc/i150pleho/Fall-2026-STATS-2B03-C01-CHILDSA-Statistical-Methods-for-Science?mode=view
STATS 3G03,Actuarial Mathematics I,Dr. Erin Clements,https://mcmaster.simplesyllabusca.com/doc/kfzs4x0wn/Fall-2026-STATS-3G03-C01-CLEMENE-Actuarial-Mathematics-I?mode=view
STATS 3J04,Probability and Statistics for Civil Engineering,Dr. J.E. Paguyo,https://mcmaster.simplesyllabusca.com/doc/rpjbkc2ru/Fall-2026-STATS-3J04-C01-PAGUYOJ-Probability-and-Statistics-for-Civil-Engineering?mode=view
STATS 3Y03,Probability and Statistics for Engineering,Dr. J.E. Paguyo,https://mcmaster.simplesyllabusca.com/doc/cqiw2bvte/Fall-2026-STATS-3Y03-C01-PAGUYOJ-Probability-and-Statistics-for-Engineering?mode=view
STATS 4T06A,Senior Research Project,A faculty member is required to supervise,https://mcmaster.simplesyllabusca.com/doc/6b9zyemfv/Fall-2026-STATS-4T06A-C01-TBD-Senior-Research-Project?mode=view
STATS 4W03,Reading in Statistics,Adam Van Tuyl,https://mcmaster.simplesyllabusca.com/doc/jdsqz23zz/Fall-2026-STATS-4W03-C01-TBD-Reading-in-Statistics?mode=view
STATS 5GT3,Graduate Level Topics in Statistics,Instructor of Corresponding Graduate Course,https://mcmaster.simplesyllabusca.com/doc/w1hrg6u2x/Fall-2026-STATS-5GT3-STATS-5GT3-General-Graduate-Level-Topics-in-Statistics?mode=view
SUSTAIN 2S03,Evaluating Problems & Sustainable Solutions,Peter Topalovic,https://mcmaster.simplesyllabusca.com/doc/5wtde9vcu/Fall-2026-SUSTAIN-2S03-C01-TOPALOPJ-Evaluating-Problems-Sustainable-Solutions?mode=view
SUSTAIN 2SS3,Advocating for Sustainability,Sarah Precious,https://mcmaster.simplesyllabusca.com/doc/eiiqo5yg5/Fall-2026-SUSTAIN-2SS3-C01-PRECIOUS-Advocating-for-Sustainability?mode=view
WILSON 2C03,"Leadership, Civic Engagement and Contemporary
Communication",Paula Gardner,https://mcmaster.simplesyllabusca.com/doc/vp2e8z6jx/Fall-2026-WILSON-2C03-C01-GARDNERP-Leadership-Civic-Engagement-and-Contemporary-Communication?mode=view
WILSON 2LP0A,Leadership Portfolio: Foundations,John Caffery,https://mcmaster.simplesyllabusca.com/doc/lt2x2rvte/Fall-2026-WILSON-2LP0A-C01-CAFFERYJ-Leadership-Portfolio-Foundations?mode=view
